0	-33	-5	-20	2554	4880	0.523361
1	-33	-5	-16	2573	4881	0.527146
2	-33	-5	-12	2603	4927	0.528313
3	-33	-5	-8	2630	4930	0.533469
4	-33	-5	-4	2510	4940	0.508097
5	-33	-5	0	2403	4976	0.482918
6	-33	-5	4	2376	4976	0.477492
7	-33	-5	8	2511	4988	0.503408
8	-33	-5	12	2673	5012	0.533320
9	-33	-5	16	2598	5013	0.518253
10	-33	-5	20	2608	4976	0.524116
11	-33	-5	24	2654	4942	0.537030
12	-33	-5	28	2664	4957	0.537422
13	-33	-5	32	2634	4938	0.533414
14	-33	-5	36	2593	4916	0.527461
15	-33	-5	40	2538	4919	0.515959
16	-33	-5	44	2466	4889	0.504398
17	-33	-5	48	2447	4924	0.496954
18	-33	-5	52	2518	4923	0.511477
19	-33	-5	56	2690	4956	0.542776
20	-33	-5	60	2679	4990	0.536874
21	-33	-5	64	2688	5034	0.533969
22	-33	-5	68	2730	5057	0.539846
23	-33	-5	72	2763	5085	0.543363
24	-33	-5	76	2693	5107	0.527315
25	-33	-5	80	2670	5113	0.522198
26	-33	-5	84	2644	5134	0.514998
27	-33	-5	88	2629	5140	0.511479
28	-33	-5	92	2611	5131	0.508868
29	-33	-5	96	2650	5090	0.520629
30	-33	-5	100	2648	5115	0.517693
31	-33	-5	104	2580	5058	0.510083
32	-33	-5	108	2600	5025	0.517413
33	-33	0	-20	2502	4976	0.502814
34	-33	0	-16	2510	5020	0.500000
35	-33	0	-12	2495	5054	0.493668
36	-33	0	-8	2531	5099	0.496372
37	-33	0	-4	2520	5145	0.489796
38	-33	0	0	2671	5211	0.512570
39	-33	0	4	2827	5193	0.544387
40	-33	0	8	2878	5154	0.558401
41	-33	0	12	2696	5124	0.526151
42	-33	0	16	2655	5105	0.520078
43	-33	0	20	2708	5120	0.528906
44	-33	0	24	2742	5087	0.539021
45	-33	0	28	2668	5071	0.526129
46	-33	0	32	2661	5056	0.526305
47	-33	0	36	2703	5051	0.535142
48	-33	0	40	2719	5038	0.539698
49	-33	0	44	2682	5006	0.535757
50	-33	0	48	2634	5020	0.524701
51	-33	0	52	2658	5061	0.525193
52	-33	0	56	2616	5086	0.514353
53	-33	0	60	2665	5134	0.519088
54	-33	0	64	2799	5160	0.542442
55	-33	0	68	2906	5195	0.559384
56	-33	0	72	2835	5195	0.545717
57	-33	0	76	2766	5218	0.530088
58	-33	0	80	2798	5259	0.532040
59	-33	0	84	2814	5271	0.533865
60	-33	0	88	2787	5299	0.525948
61	-33	0	92	2773	5297	0.523504
62	-33	0	96	2728	5252	0.519421
63	-33	0	100	2678	5209	0.514110
64	-33	0	104	2635	5159	0.510758
65	-33	0	108	2659	5136	0.517718
66	-33	5	-20	2606	4849	0.537430
67	-33	5	-16	2571	4899	0.524801
68	-33	5	-12	2591	4956	0.522801
69	-33	5	-8	2585	4941	0.523173
70	-33	5	-4	2616	4949	0.528592
71	-33	5	0	2576	4952	0.520194
72	-33	5	4	2536	4945	0.512841
73	-33	5	8	2458	4931	0.498479
74	-33	5	12	2432	4932	0.493106
75	-33	5	16	2496	4939	0.505365
76	-33	5	20	2553	4933	0.517535
77	-33	5	24	2581	4914	0.525234
78	-33	5	28	2546	4899	0.519698
79	-33	5	32	2604	4893	0.532189
80	-33	5	36	2621	4866	0.538635
81	-33	5	40	2590	4847	0.534351
82	-33	5	44	2479	4812	0.515170
83	-33	5	48	2529	4850	0.521443
84	-33	5	52	2631	4890	0.538037
85	-33	5	56	2709	4882	0.554896
86	-33	5	60	2734	4900	0.557959
87	-33	5	64	2655	4935	0.537994
88	-33	5	68	2632	4952	0.531502
89	-33	5	72	2593	4935	0.525431
90	-33	5	76	2640	4972	0.530973
91	-33	5	80	2626	4979	0.527415
92	-33	5	84	2553	4978	0.512857
93	-33	5	88	2518	4974	0.506232
94	-33	5	92	2518	4961	0.507559
95	-33	5	96	2520	4948	0.509297
96	-33	5	100	2539	4915	0.516582
97	-33	5	104	2533	4906	0.516307
98	-33	5	108	2494	4892	0.509812
99	-30	-5	-20	2702	5174	0.522227
100	-30	-5	-16	2825	5225	0.540670
101	-30	-5	-12	2834	5247	0.540118
102	-30	-5	-8	2878	5242	0.549027
103	-30	-5	-4	2794	5299	0.527269
104	-30	-5	0	2741	5301	0.517072
105	-30	-5	4	2750	5320	0.516917
106	-30	-5	8	2873	5324	0.539632
107	-30	-5	12	2942	5300	0.555094
108	-30	-5	16	2856	5291	0.539785
109	-30	-5	20	2855	5283	0.540413
110	-30	-5	24	2873	5268	0.545368
111	-30	-5	28	2873	5233	0.549016
112	-30	-5	32	2796	5203	0.537382
113	-30	-5	36	2771	5223	0.530538
114	-30	-5	40	2726	5210	0.523225
115	-30	-5	44	2660	5166	0.514905
116	-30	-5	48	2629	5199	0.505674
117	-30	-5	52	2639	5192	0.508282
118	-30	-5	56	2741	5216	0.525498
119	-30	-5	60	2783	5276	0.527483
120	-30	-5	64	2803	5319	0.526979
121	-30	-5	68	2847	5322	0.534949
122	-30	-5	72	2834	5364	0.528337
123	-30	-5	76	2794	5393	0.518079
124	-30	-5	80	2752	5429	0.506907
125	-30	-5	84	2810	5455	0.515124
126	-30	-5	88	2854	5461	0.522615
127	-30	-5	92	2901	5473	0.530057
128	-30	-5	96	2926	5453	0.536585
129	-30	-5	100	2875	5433	0.529174
130	-30	-5	104	2799	5426	0.515850
131	-30	-5	108	2726	5374	0.507257
132	-30	0	-20	2670	5272	0.506449
133	-30	0	-16	2728	5336	0.511244
134	-30	0	-12	2773	5383	0.515140
135	-30	0	-8	2818	5445	0.517539
136	-30	0	-4	2900	5503	0.526985
137	-30	0	0	2956	5568	0.530891
138	-30	0	4	3108	5522	0.562840
139	-30	0	8	3065	5484	0.558899
140	-30	0	12	2877	5466	0.526345
141	-30	0	16	2760	5421	0.509131
142	-30	0	20	2785	5385	0.517177
143	-30	0	24	2881	5407	0.532828
144	-30	0	28	2868	5373	0.533780
145	-30	0	32	2821	5369	0.525424
146	-30	0	36	2804	5355	0.523623
147	-30	0	40	2798	5334	0.524559
148	-30	0	44	2879	5314	0.541776
149	-30	0	48	2811	5327	0.527689
150	-30	0	52	2721	5354	0.508218
151	-30	0	56	2685	5400	0.497222
152	-30	0	60	2796	5423	0.515582
153	-30	0	64	2847	5423	0.524986
154	-30	0	68	2910	5472	0.531798
155	-30	0	72	2905	5522	0.526078
156	-30	0	76	2887	5536	0.521496
157	-30	0	80	2971	5587	0.531770
158	-30	0	84	3068	5627	0.545228
159	-30	0	88	3044	5662	0.537619
160	-30	0	92	2976	5660	0.525795
161	-30	0	96	2904	5590	0.519499
162	-30	0	100	2797	5550	0.503964
163	-30	0	104	2677	5499	0.486816
164	-30	0	108	2728	5467	0.498994
165	-30	5	-20	2764	5197	0.531845
166	-30	5	-16	2780	5251	0.529423
167	-30	5	-12	2742	5262	0.521095
168	-30	5	-8	2806	5320	0.527444
169	-30	5	-4	2831	5298	0.534353
170	-30	5	0	2807	5311	0.528526
171	-30	5	4	2707	5292	0.511527
172	-30	5	8	2623	5282	0.496592
173	-30	5	12	2592	5279	0.491002
174	-30	5	16	2641	5288	0.499433
175	-30	5	20	2770	5257	0.526916
176	-30	5	24	2755	5268	0.522969
177	-30	5	28	2709	5238	0.517182
178	-30	5	32	2751	5230	0.526004
179	-30	5	36	2685	5194	0.516943
180	-30	5	40	2668	5178	0.515257
181	-30	5	44	2721	5165	0.526815
182	-30	5	48	2721	5201	0.523169
183	-30	5	52	2765	5196	0.532140
184	-30	5	56	2900	5209	0.556729
185	-30	5	60	2910	5209	0.558648
186	-30	5	64	2805	5257	0.533574
187	-30	5	68	2790	5275	0.528910
188	-30	5	72	2788	5288	0.527231
189	-30	5	76	2775	5311	0.522500
190	-30	5	80	2807	5337	0.525951
191	-30	5	84	2795	5324	0.524981
192	-30	5	88	2772	5342	0.518907
193	-30	5	92	2700	5308	0.508666
194	-30	5	96	2667	5303	0.502923
195	-30	5	100	2647	5283	0.501041
196	-30	5	104	2617	5233	0.500096
197	-30	5	108	2626	5220	0.503065
198	-27	-5	-20	2825	5498	0.513823
199	-27	-5	-16	2928	5551	0.527473
200	-27	-5	-12	2994	5591	0.535503
201	-27	-5	-8	3046	5598	0.544123
202	-27	-5	-4	2976	5627	0.528879
203	-27	-5	0	3002	5650	0.531327
204	-27	-5	4	2966	5632	0.526634
205	-27	-5	8	3096	5624	0.550498
206	-27	-5	12	3229	5625	0.574044
207	-27	-5	16	3168	5616	0.564103
208	-27	-5	20	3071	5590	0.549374
209	-27	-5	24	3041	5554	0.547533
210	-27	-5	28	3041	5533	0.549611
211	-27	-5	32	3020	5499	0.549191
212	-27	-5	36	3015	5489	0.549280
213	-27	-5	40	2908	5516	0.527194
214	-27	-5	44	2903	5498	0.528010
215	-27	-5	48	2965	5517	0.537430
216	-27	-5	52	2987	5560	0.537230
217	-27	-5	56	2908	5565	0.522552
218	-27	-5	60	2895	5607	0.516319
219	-27	-5	64	2880	5600	0.514286
220	-27	-5	68	2927	5653	0.517778
221	-27	-5	72	2938	5721	0.513547
222	-27	-5	76	2940	5714	0.514526
223	-27	-5	80	2999	5768	0.519938
224	-27	-5	84	3110	5798	0.536392
225	-27	-5	88	3204	5811	0.551368
226	-27	-5	92	3189	5820	0.547938
227	-27	-5	96	3120	5803	0.537653
228	-27	-5	100	3060	5812	0.526497
229	-27	-5	104	3017	5775	0.522424
230	-27	-5	108	2943	5718	0.514690
231	-27	0	-20	2736	5622	0.486660
232	-27	0	-16	2770	5665	0.488967
233	-27	0	-12	2859	5751	0.497131
234	-27	0	-8	2975	5779	0.514795
235	-27	0	-4	3083	5832	0.528635
236	-27	0	0	3220	5920	0.543919
237	-27	0	4	3337	5869	0.568581
238	-27	0	8	3275	5825	0.562232
239	-27	0	12	3119	5805	0.537295
240	-27	0	16	3012	5749	0.523917
241	-27	0	20	3021	5745	0.525849
242	-27	0	24	3076	5716	0.538139
243	-27	0	28	3098	5714	0.542177
244	-27	0	32	3042	5704	0.533310
245	-27	0	36	2975	5677	0.524044
246	-27	0	40	2981	5640	0.528546
247	-27	0	44	3111	5653	0.550327
248	-27	0	48	3034	5661	0.535948
249	-27	0	52	2859	5674	0.503877
250	-27	0	56	2761	5706	0.483877
251	-27	0	60	2866	5741	0.499216
252	-27	0	64	2969	5788	0.512958
253	-27	0	68	3080	5841	0.527307
254	-27	0	72	3088	5869	0.526154
255	-27	0	76	3121	5916	0.527552
256	-27	0	80	3215	5950	0.540336
257	-27	0	84	3313	6011	0.551156
258	-27	0	88	3217	6052	0.531560
259	-27	0	92	3091	6026	0.512944
260	-27	0	96	3026	5984	0.505682
261	-27	0	100	2887	5883	0.490736
262	-27	0	104	2844	5836	0.487320
263	-27	0	108	2845	5801	0.490433
264	-27	5	-20	2997	5610	0.534225
265	-27	5	-16	3037	5644	0.538094
266	-27	5	-12	3093	5689	0.543681
267	-27	5	-8	3130	5727	0.546534
268	-27	5	-4	3154	5710	0.552364
269	-27	5	0	3172	5732	0.553385
270	-27	5	4	3092	5718	0.540749
271	-27	5	8	2983	5686	0.524622
272	-27	5	12	2995	5697	0.525715
273	-27	5	16	3077	5669	0.542777
274	-27	5	20	3130	5652	0.553786
275	-27	5	24	3043	5601	0.543296
276	-27	5	28	3036	5605	0.541659
277	-27	5	32	2902	5550	0.522883
278	-27	5	36	2847	5545	0.513436
279	-27	5	40	2907	5522	0.526440
280	-27	5	44	2931	5525	0.530498
281	-27	5	48	2862	5524	0.518103
282	-27	5	52	2903	5548	0.523252
283	-27	5	56	3037	5572	0.545047
284	-27	5	60	2987	5583	0.535017
285	-27	5	64	2938	5616	0.523148
286	-27	5	68	2965	5653	0.524500
287	-27	5	72	2993	5713	0.523893
288	-27	5	76	3071	5739	0.535111
289	-27	5	80	3106	5743	0.540832
290	-27	5	84	2972	5715	0.520035
291	-27	5	88	2896	5755	0.503215
292	-27	5	92	2911	5725	0.508472
293	-27	5	96	2880	5686	0.506507
294	-27	5	100	2801	5680	0.493134
295	-27	5	104	2786	5610	0.496613
296	-27	5	108	2778	5590	0.496959
297	-24	-5	-20	3169	5779	0.548365
298	-24	-5	-16	3161	5831	0.542103
299	-24	-5	-12	3236	5884	0.549966
300	-24	-5	-8	3220	5927	0.543277
301	-24	-5	-4	3167	5947	0.532537
302	-24	-5	0	3160	5978	0.528605
303	-24	-5	4	3117	5971	0.522023
304	-24	-5	8	3234	5962	0.542435
305	-24	-5	12	3434	5975	0.574728
306	-24	-5	16	3431	5959	0.575768
307	-24	-5	20	3242	5926	0.547081
308	-24	-5	24	3131	5880	0.532483
309	-24	-5	28	3147	5848	0.538133
310	-24	-5	32	3124	5806	0.538064
311	-24	-5	36	3100	5761	0.538101
312	-24	-5	40	3058	5780	0.529066
313	-24	-5	44	3059	5763	0.530800
314	-24	-5	48	3158	5801	0.544389
315	-24	-5	52	3262	5859	0.556750
316	-24	-5	56	3318	5924	0.560095
317	-24	-5	60	3239	5901	0.548890
318	-24	-5	64	3294	5947	0.553893
319	-24	-5	68	3256	5997	0.542938
320	-24	-5	72	3267	6037	0.541163
321	-24	-5	76	3312	6041	0.548254
322	-24	-5	80	3361	6083	0.552523
323	-24	-5	84	3313	6092	0.543828
324	-24	-5	88	3384	6130	0.552039
325	-24	-5	92	3293	6145	0.535883
326	-24	-5	96	3230	6121	0.527692
327	-24	-5	100	3217	6141	0.523856
328	-24	-5	104	3194	6102	0.523435
329	-24	-5	108	3151	6042	0.521516
330	-24	0	-20	3001	5957	0.503777
331	-24	0	-16	3002	6028	0.498009
332	-24	0	-12	3036	6066	0.500495
333	-24	0	-8	3125	6132	0.509622
334	-24	0	-4	3174	6201	0.511853
335	-24	0	0	3302	6238	0.529336
336	-24	0	4	3407	6224	0.547397
337	-24	0	8	3357	6202	0.541277
338	-24	0	12	3288	6155	0.534200
339	-24	0	16	3220	6120	0.526144
340	-24	0	20	3241	6090	0.532184
341	-24	0	24	3305	6068	0.544661
342	-24	0	28	3338	6046	0.552101
343	-24	0	32	3265	5980	0.545987
344	-24	0	36	3228	5985	0.539348
345	-24	0	40	3222	6009	0.536196
346	-24	0	44	3253	5944	0.547275
347	-24	0	48	3234	5956	0.542982
348	-24	0	52	3187	6009	0.530371
349	-24	0	56	3107	6050	0.513554
350	-24	0	60	3137	6052	0.518341
351	-24	0	64	3238	6076	0.532916
352	-24	0	68	3341	6133	0.544758
353	-24	0	72	3427	6190	0.553635
354	-24	0	76	3420	6235	0.548516
355	-24	0	80	3390	6268	0.540842
356	-24	0	84	3403	6351	0.535821
357	-24	0	88	3303	6388	0.517063
358	-24	0	92	3287	6385	0.514800
359	-24	0	96	3156	6300	0.500952
360	-24	0	100	3080	6207	0.496214
361	-24	0	104	3117	6178	0.504532
362	-24	0	108	3090	6122	0.504737
363	-24	5	-20	3196	5965	0.535792
364	-24	5	-16	3395	6021	0.563860
365	-24	5	-12	3434	6070	0.565733
366	-24	5	-8	3409	6093	0.559495
367	-24	5	-4	3405	6115	0.556827
368	-24	5	0	3401	6100	0.557541
369	-24	5	4	3326	6128	0.542755
370	-24	5	8	3258	6113	0.532963
371	-24	5	12	3264	6093	0.535697
372	-24	5	16	3297	6069	0.543253
373	-24	5	20	3316	6040	0.549007
374	-24	5	24	3262	6004	0.543304
375	-24	5	28	3231	5991	0.539309
376	-24	5	32	3138	5926	0.529531
377	-24	5	36	3118	5889	0.529462
378	-24	5	40	3180	5871	0.541645
379	-24	5	44	3193	5842	0.546559
380	-24	5	48	3189	5812	0.548692
381	-24	5	52	3261	5871	0.555442
382	-24	5	56	3348	5893	0.568132
383	-24	5	60	3253	5905	0.550889
384	-24	5	64	3296	5951	0.553856
385	-24	5	68	3281	5969	0.549673
386	-24	5	72	3307	6058	0.545890
387	-24	5	76	3274	6101	0.536633
388	-24	5	80	3256	6129	0.531245
389	-24	5	84	3062	6106	0.501474
390	-24	5	88	3038	6115	0.496811
391	-24	5	92	3101	6078	0.510201
392	-24	5	96	3098	6073	0.510127
393	-24	5	100	3066	6057	0.506191
394	-24	5	104	3056	5991	0.510098
395	-24	5	108	2994	5983	0.500418
396	-21	-5	-20	3532	6079	0.581017
397	-21	-5	-16	3581	6191	0.578420
398	-21	-5	-12	3581	6225	0.575261
399	-21	-5	-8	3527	6269	0.562610
400	-21	-5	-4	3505	6276	0.558477
401	-21	-5	0	3416	6267	0.545077
402	-21	-5	4	3397	6319	0.537585
403	-21	-5	8	3475	6306	0.551062
404	-21	-5	12	3715	6337	0.586240
405	-21	-5	16	3692	6296	0.586404
406	-21	-5	20	3369	6214	0.542163
407	-21	-5	24	3230	6168	0.523671
408	-21	-5	28	3235	6123	0.528336
409	-21	-5	32	3215	6084	0.528435
410	-21	-5	36	3203	6054	0.529072
411	-21	-5	40	3237	6028	0.536994
412	-21	-5	44	3152	6036	0.522200
413	-21	-5	48	3190	6057	0.526663
414	-21	-5	52	3329	6108	0.545023
415	-21	-5	56	3391	6150	0.551382
416	-21	-5	60	3427	6221	0.550876
417	-21	-5	64	3473	6269	0.553996
418	-21	-5	68	3527	6324	0.557717
419	-21	-5	72	3561	6389	0.557364
420	-21	-5	76	3627	6416	0.565305
421	-21	-5	80	3628	6428	0.564406
422	-21	-5	84	3629	6443	0.563247
423	-21	-5	88	3644	6467	0.563476
424	-21	-5	92	3528	6503	0.542519
425	-21	-5	96	3357	6445	0.520869
426	-21	-5	100	3359	6444	0.521260
427	-21	-5	104	3329	6441	0.516845
428	-21	-5	108	3306	6369	0.519077
429	-21	0	-20	3384	6306	0.536632
430	-21	0	-16	3378	6397	0.528060
431	-21	0	-12	3445	6443	0.534689
432	-21	0	-8	3469	6493	0.534268
433	-21	0	-4	3511	6573	0.534155
434	-21	0	0	3606	6638	0.543236
435	-21	0	4	3622	6607	0.548206
436	-21	0	8	3585	6562	0.546327
437	-21	0	12	3511	6537	0.537097
438	-21	0	16	3431	6484	0.529149
439	-21	0	20	3429	6434	0.532950
440	-21	0	24	3491	6387	0.546579
441	-21	0	28	3531	6340	0.556940
442	-21	0	32	3469	6303	0.550373
443	-21	0	36	3405	6279	0.542284
444	-21	0	40	3358	6246	0.537624
445	-21	0	44	3264	6224	0.524422
446	-21	0	48	3275	6243	0.524588
447	-21	0	52	3373	6263	0.538560
448	-21	0	56	3458	6293	0.549499
449	-21	0	60	3513	6384	0.550282
450	-21	0	64	3569	6413	0.556526
451	-21	0	68	3633	6473	0.561254
452	-21	0	72	3665	6536	0.560741
453	-21	0	76	3610	6595	0.547384
454	-21	0	80	3604	6633	0.543344
455	-21	0	84	3605	6676	0.539994
456	-21	0	88	3475	6704	0.518347
457	-21	0	92	3482	6710	0.518927
458	-21	0	96	3402	6629	0.513200
459	-21	0	100	3395	6568	0.516900
460	-21	0	104	3383	6543	0.517041
461	-21	0	108	3324	6476	0.513280
462	-21	5	-20	3501	6266	0.558730
463	-21	5	-16	3654	6355	0.574980
464	-21	5	-12	3774	6446	0.585479
465	-21	5	-8	3704	6465	0.572931
466	-21	5	-4	3668	6512	0.563268
467	-21	5	0	3624	6489	0.558484
468	-21	5	4	3561	6492	0.548521
469	-21	5	8	3503	6508	0.538261
470	-21	5	12	3424	6481	0.528314
471	-21	5	16	3401	6458	0.526634
472	-21	5	20	3496	6397	0.546506
473	-21	5	24	3571	6351	0.562274
474	-21	5	28	3494	6313	0.553461
475	-21	5	32	3424	6283	0.544963
476	-21	5	36	3469	6218	0.557896
477	-21	5	40	3553	6198	0.573249
478	-21	5	44	3541	6148	0.575960
479	-21	5	48	3699	6145	0.601953
480	-21	5	52	3812	6176	0.617228
481	-21	5	56	3789	6182	0.612908
482	-21	5	60	3664	6252	0.586052
483	-21	5	64	3610	6290	0.573927
484	-21	5	68	3613	6348	0.569156
485	-21	5	72	3483	6400	0.544219
486	-21	5	76	3497	6462	0.541164
487	-21	5	80	3433	6464	0.531095
488	-21	5	84	3261	6450	0.505581
489	-21	5	88	3283	6464	0.507890
490	-21	5	92	3399	6452	0.526813
491	-21	5	96	3374	6425	0.525136
492	-21	5	100	3357	6415	0.523305
493	-21	5	104	3337	6397	0.521651
494	-21	5	108	3229	6366	0.507226
495	-18	-5	-20	3699	6398	0.578149
496	-18	-5	-16	3723	6479	0.574626
497	-18	-5	-12	3665	6518	0.562289
498	-18	-5	-8	3705	6570	0.563927
499	-18	-5	-4	3758	6595	0.569826
500	-18	-5	0	3769	6605	0.570628
501	-18	-5	4	3778	6638	0.569147
502	-18	-5	8	3916	6628	0.590827
503	-18	-5	12	4056	6650	0.609925
504	-18	-5	16	3951	6617	0.597098
505	-18	-5	20	3628	6551	0.553809
506	-18	-5	24	3538	6503	0.544057
507	-18	-5	28	3539	6442	0.549364
508	-18	-5	32	3534	6381	0.553832
509	-18	-5	36	3525	6297	0.559790
510	-18	-5	40	3524	6330	0.556714
511	-18	-5	44	3421	6274	0.545266
512	-18	-5	48	3385	6326	0.535093
513	-18	-5	52	3454	6364	0.542740
514	-18	-5	56	3463	6424	0.539072
515	-18	-5	60	3508	6518	0.538202
516	-18	-5	64	3517	6567	0.535557
517	-18	-5	68	3528	6666	0.529253
518	-18	-5	72	3624	6688	0.541866
519	-18	-5	76	3713	6749	0.550156
520	-18	-5	80	3708	6769	0.547791
521	-18	-5	84	3792	6800	0.557647
522	-18	-5	88	3856	6809	0.566309
523	-18	-5	92	3718	6832	0.544204
524	-18	-5	96	3571	6787	0.526153
525	-18	-5	100	3550	6798	0.522212
526	-18	-5	104	3452	6763	0.510424
527	-18	-5	108	3394	6725	0.504684
528	-18	0	-20	3566	6661	0.535355
529	-18	0	-16	3583	6738	0.531760
530	-18	0	-12	3729	6820	0.546774
531	-18	0	-8	3872	6883	0.562545
532	-18	0	-4	3941	6932	0.568523
533	-18	0	0	3990	6998	0.570163
534	-18	0	4	3984	6965	0.572003
535	-18	0	8	4046	6933	0.583586
536	-18	0	12	3948	6895	0.572589
537	-18	0	16	3837	6839	0.561047
538	-18	0	20	3779	6793	0.556308
539	-18	0	24	3803	6714	0.566428
540	-18	0	28	3807	6655	0.572051
541	-18	0	32	3641	6620	0.550000
542	-18	0	36	3596	6574	0.547003
543	-18	0	40	3510	6459	0.543428
544	-18	0	44	3405	6472	0.526112
545	-18	0	48	3344	6496	0.514778
546	-18	0	52	3456	6511	0.530794
547	-18	0	56	3569	6591	0.541496
548	-18	0	60	3580	6643	0.538913
549	-18	0	64	3686	6700	0.550149
550	-18	0	68	3718	6780	0.548378
551	-18	0	72	3770	6850	0.550365
552	-18	0	76	3787	6908	0.548205
553	-18	0	80	3762	6950	0.541295
554	-18	0	84	3802	7008	0.542523
555	-18	0	88	3740	7058	0.529895
556	-18	0	92	3772	7080	0.532768
557	-18	0	96	3694	7018	0.526361
558	-18	0	100	3676	6959	0.528237
559	-18	0	104	3606	6900	0.522609
560	-18	0	108	3514	6835	0.514119
561	-18	5	-20	3812	6627	0.575223
562	-18	5	-16	3873	6725	0.575911
563	-18	5	-12	3957	6784	0.583284
564	-18	5	-8	3941	6807	0.578963
565	-18	5	-4	3940	6854	0.574847
566	-18	5	0	3825	6860	0.557580
567	-18	5	4	3789	6857	0.552574
568	-18	5	8	3767	6867	0.548566
569	-18	5	12	3726	6832	0.545375
570	-18	5	16	3721	6806	0.546723
571	-18	5	20	3875	6726	0.576123
572	-18	5	24	4001	6674	0.599491
573	-18	5	28	3747	6599	0.567813
574	-18	5	32	3532	6501	0.543301
575	-18	5	36	3564	6455	0.552130
576	-18	5	40	3587	6420	0.558723
577	-18	5	44	3650	6388	0.571384
578	-18	5	48	3775	6402	0.589659
579	-18	5	52	3953	6437	0.614106
580	-18	5	56	3817	6498	0.587412
581	-18	5	60	3724	6545	0.568984
582	-18	5	64	3740	6590	0.567527
583	-18	5	68	3665	6651	0.551045
584	-18	5	72	3659	6738	0.543039
585	-18	5	76	3589	6768	0.530290
586	-18	5	80	3559	6786	0.524462
587	-18	5	84	3529	6772	0.521116
588	-18	5	88	3537	6778	0.521835
589	-18	5	92	3477	6764	0.514045
590	-18	5	96	3463	6746	0.513341
591	-18	5	100	3456	6727	0.513751
592	-18	5	104	3426	6693	0.511878
593	-18	5	108	3351	6658	0.503304
594	-15	-5	-20	3725	6688	0.556968
595	-15	-5	-16	3759	6805	0.552388
596	-15	-5	-12	3686	6813	0.541025
597	-15	-5	-8	3709	6869	0.539962
598	-15	-5	-4	3827	6920	0.553035
599	-15	-5	0	3934	6933	0.567431
600	-15	-5	4	3951	6918	0.571119
601	-15	-5	8	4058	6923	0.586162
602	-15	-5	12	4114	6926	0.593994
603	-15	-5	16	3994	6901	0.578757
604	-15	-5	20	3809	6836	0.557197
605	-15	-5	24	3720	6757	0.550540
606	-15	-5	28	3722	6674	0.557687
607	-15	-5	32	3713	6594	0.563088
608	-15	-5	36	3826	6571	0.582255
609	-15	-5	40	3906	6509	0.600092
610	-15	-5	44	3894	6508	0.598341
611	-15	-5	48	3788	6533	0.579826
612	-15	-5	52	3728	6574	0.567082
613	-15	-5	56	3762	6687	0.562584
614	-15	-5	60	3707	6745	0.549592
615	-15	-5	64	3615	6823	0.529826
616	-15	-5	68	3635	6912	0.525897
617	-15	-5	72	3783	6979	0.542055
618	-15	-5	76	3816	7032	0.542662
619	-15	-5	80	3835	7108	0.539533
620	-15	-5	84	3880	7124	0.544638
621	-15	-5	88	3946	7152	0.551734
622	-15	-5	92	3852	7171	0.537164
623	-15	-5	96	3853	7138	0.539787
624	-15	-5	100	3923	7150	0.548671
625	-15	-5	104	3824	7114	0.537532
626	-15	-5	108	3669	7047	0.520647
627	-15	0	-20	3634	6980	0.520630
628	-15	0	-16	3748	7064	0.530578
629	-15	0	-12	3966	7161	0.553833
630	-15	0	-8	4140	7228	0.572773
631	-15	0	-4	4298	7287	0.589817
632	-15	0	0	4267	7344	0.581019
633	-15	0	4	4265	7326	0.582173
634	-15	0	8	4314	7278	0.592745
635	-15	0	12	4232	7219	0.586231
636	-15	0	16	4016	7154	0.561364
637	-15	0	20	3954	7085	0.558080
638	-15	0	24	3975	7002	0.567695
639	-15	0	28	3900	6908	0.564563
640	-15	0	32	3784	6842	0.553055
641	-15	0	36	3831	6787	0.564461
642	-15	0	40	3776	6719	0.561988
643	-15	0	44	3676	6682	0.550135
644	-15	0	48	3609	6707	0.538095
645	-15	0	52	3582	6756	0.530195
646	-15	0	56	3760	6855	0.548505
647	-15	0	60	3837	6885	0.557298
648	-15	0	64	3858	6974	0.553198
649	-15	0	68	3909	7071	0.552821
650	-15	0	72	4027	7150	0.563217
651	-15	0	76	4024	7242	0.555648
652	-15	0	80	4025	7305	0.550992
653	-15	0	84	4006	7357	0.544515
654	-15	0	88	3976	7437	0.534624
655	-15	0	92	4008	7421	0.540089
656	-15	0	96	3950	7384	0.534940
657	-15	0	100	3916	7340	0.533515
658	-15	0	104	3812	7268	0.524491
659	-15	0	108	3744	7188	0.520868
660	-15	5	-20	3991	6930	0.575902
661	-15	5	-16	4151	7048	0.588961
662	-15	5	-12	4151	7102	0.584483
663	-15	5	-8	4136	7129	0.580166
664	-15	5	-4	4122	7162	0.575538
665	-15	5	0	4053	7199	0.562995
666	-15	5	4	4044	7187	0.562683
667	-15	5	8	4122	7187	0.573536
668	-15	5	12	4107	7127	0.576259
669	-15	5	16	4163	7127	0.584117
670	-15	5	20	4269	7030	0.607255
671	-15	5	24	4232	6936	0.610150
672	-15	5	28	4026	6874	0.585685
673	-15	5	32	3815	6768	0.563682
674	-15	5	36	3651	6670	0.547376
675	-15	5	40	3618	6630	0.545701
676	-15	5	44	3639	6592	0.552033
677	-15	5	48	3817	6591	0.579123
678	-15	5	52	3796	6659	0.570056
679	-15	5	56	3794	6722	0.564415
680	-15	5	60	3811	6774	0.562592
681	-15	5	64	3779	6886	0.548795
682	-15	5	68	3739	6976	0.535981
683	-15	5	72	3719	7036	0.528567
684	-15	5	76	3750	7075	0.530035
685	-15	5	80	3727	7097	0.525151
686	-15	5	84	3765	7099	0.530356
687	-15	5	88	3800	7111	0.534383
688	-15	5	92	3699	7054	0.524383
689	-15	5	96	3618	7060	0.512465
690	-15	5	100	3516	7055	0.498370
691	-15	5	104	3412	6967	0.489737
692	-15	5	108	3340	6923	0.482450
693	-12	-5	-20	3871	6971	0.555301
694	-12	-5	-16	3923	7064	0.555351
695	-12	-5	-12	3960	7132	0.555244
696	-12	-5	-8	3997	7178	0.556840
697	-12	-5	-4	4075	7168	0.568499
698	-12	-5	0	4056	7184	0.564588
699	-12	-5	4	3976	7180	0.553760
700	-12	-5	8	4019	7179	0.559827
701	-12	-5	12	4009	7158	0.560073
702	-12	-5	16	3964	7125	0.556351
703	-12	-5	20	3848	7047	0.546048
704	-12	-5	24	3739	6949	0.538063
705	-12	-5	28	3647	6845	0.532798
706	-12	-5	32	3619	6764	0.535038
707	-12	-5	36	3763	6706	0.561139
708	-12	-5	40	3885	6616	0.587213
709	-12	-5	44	3955	6634	0.596171
710	-12	-5	48	3897	6649	0.586103
711	-12	-5	52	3865	6683	0.578333
712	-12	-5	56	3956	6857	0.576929
713	-12	-5	60	3941	6931	0.568605
714	-12	-5	64	3930	7030	0.559033
715	-12	-5	68	3945	7111	0.554774
716	-12	-5	72	4041	7228	0.559076
717	-12	-5	76	3992	7274	0.548804
718	-12	-5	80	3968	7320	0.542077
719	-12	-5	84	4054	7376	0.549620
720	-12	-5	88	4045	7371	0.548772
721	-12	-5	92	4057	7413	0.547282
722	-12	-5	96	4089	7412	0.551673
723	-12	-5	100	4127	7396	0.558004
724	-12	-5	104	4033	7349	0.548782
725	-12	-5	108	3899	7285	0.535209
726	-12	0	-20	3889	7253	0.536192
727	-12	0	-16	4052	7355	0.550918
728	-12	0	-12	4232	7456	0.567597
729	-12	0	-8	4293	7529	0.570195
730	-12	0	-4	4329	7561	0.572543
731	-12	0	0	4258	7603	0.560042
732	-12	0	4	4194	7575	0.553663
733	-12	0	8	4233	7518	0.563049
734	-12	0	12	4134	7464	0.553859
735	-12	0	16	4000	7385	0.541638
736	-12	0	20	3934	7302	0.538757
737	-12	0	24	4011	7226	0.555079
738	-12	0	28	4101	7121	0.575902
739	-12	0	32	4153	7023	0.591343
740	-12	0	36	4056	6915	0.586551
741	-12	0	40	3945	6861	0.574989
742	-12	0	44	3878	6839	0.567042
743	-12	0	48	3845	6840	0.562135
744	-12	0	52	3855	6897	0.558939
745	-12	0	56	4002	6989	0.572614
746	-12	0	60	4122	7110	0.579747
747	-12	0	64	4170	7224	0.577243
748	-12	0	68	4220	7333	0.575481
749	-12	0	72	4317	7468	0.578066
750	-12	0	76	4288	7553	0.567721
751	-12	0	80	4324	7646	0.565524
752	-12	0	84	4211	7741	0.543987
753	-12	0	88	4197	7798	0.538215
754	-12	0	92	4241	7806	0.543300
755	-12	0	96	4259	7767	0.548346
756	-12	0	100	4221	7673	0.550111
757	-12	0	104	4151	7571	0.548276
758	-12	0	108	4085	7480	0.546123
759	-12	5	-20	4275	7170	0.596234
760	-12	5	-16	4309	7278	0.592058
761	-12	5	-12	4181	7331	0.570318
762	-12	5	-8	4179	7391	0.565417
763	-12	5	-4	4229	7414	0.570407
764	-12	5	0	4196	7407	0.566491
765	-12	5	4	4276	7410	0.577058
766	-12	5	8	4363	7409	0.588878
767	-12	5	12	4341	7365	0.589409
768	-12	5	16	4309	7318	0.588822
769	-12	5	20	4295	7243	0.592986
770	-12	5	24	4266	7163	0.595561
771	-12	5	28	4174	7078	0.589715
772	-12	5	32	3999	6944	0.575893
773	-12	5	36	3964	6851	0.578602
774	-12	5	40	3923	6792	0.577591
775	-12	5	44	4013	6747	0.594783
776	-12	5	48	4121	6757	0.609886
777	-12	5	52	4061	6816	0.595804
778	-12	5	56	4071	6868	0.592749
779	-12	5	60	4095	6956	0.588700
780	-12	5	64	4001	7067	0.566153
781	-12	5	68	3932	7177	0.547861
782	-12	5	72	3879	7255	0.534666
783	-12	5	76	3870	7318	0.528833
784	-12	5	80	3975	7385	0.538253
785	-12	5	84	3962	7392	0.535985
786	-12	5	88	3991	7370	0.541520
787	-12	5	92	3991	7380	0.540786
788	-12	5	96	3902	7355	0.530523
789	-12	5	100	3673	7294	0.503565
790	-12	5	104	3580	7248	0.493929
791	-12	5	108	3575	7179	0.497980
792	-9	-5	-20	4022	7152	0.562360
793	-9	-5	-16	4109	7255	0.566368
794	-9	-5	-12	4243	7326	0.579170
795	-9	-5	-8	4281	7348	0.582608
796	-9	-5	-4	4290	7366	0.582406
797	-9	-5	0	4258	7373	0.577513
798	-9	-5	4	4164	7392	0.563312
799	-9	-5	8	4061	7359	0.551841
800	-9	-5	12	4081	7322	0.557361
801	-9	-5	16	4161	7267	0.572588
802	-9	-5	20	4139	7177	0.576703
803	-9	-5	24	3877	7028	0.551651
804	-9	-5	28	3712	6928	0.535797
805	-9	-5	32	3659	6794	0.538563
806	-9	-5	36	3757	6739	0.557501
807	-9	-5	40	3742	6682	0.560012
808	-9	-5	44	3780	6691	0.564938
809	-9	-5	48	3756	6727	0.558347
810	-9	-5	52	3803	6828	0.556971
811	-9	-5	56	3779	6891	0.548396
812	-9	-5	60	3941	7013	0.561956
813	-9	-5	64	4053	7171	0.565193
814	-9	-5	68	4157	7288	0.570390
815	-9	-5	72	4206	7409	0.567688
816	-9	-5	76	4220	7474	0.564624
817	-9	-5	80	4277	7563	0.565516
818	-9	-5	84	4321	7591	0.569227
819	-9	-5	88	4306	7616	0.565389
820	-9	-5	92	4299	7644	0.562402
821	-9	-5	96	4304	7641	0.563277
822	-9	-5	100	4232	7638	0.554072
823	-9	-5	104	4080	7602	0.536701
824	-9	-5	108	3987	7527	0.529693
825	-9	0	-20	4289	7436	0.576789
826	-9	0	-16	4431	7580	0.584565
827	-9	0	-12	4434	7664	0.578549
828	-9	0	-8	4441	7740	0.573773
829	-9	0	-4	4407	7797	0.565217
830	-9	0	0	4368	7818	0.558711
831	-9	0	4	4273	7787	0.548735
832	-9	0	8	4310	7737	0.557063
833	-9	0	12	4262	7648	0.557270
834	-9	0	16	4159	7583	0.548464
835	-9	0	20	4069	7459	0.545515
836	-9	0	24	4151	7366	0.563535
837	-9	0	28	4373	7235	0.604423
838	-9	0	32	4508	7132	0.632081
839	-9	0	36	4251	7078	0.600593
840	-9	0	40	3923	7028	0.558196
841	-9	0	44	3908	6961	0.561414
842	-9	0	48	4031	6964	0.578834
843	-9	0	52	4146	7050	0.588085
844	-9	0	56	4221	7157	0.589772
845	-9	0	60	4315	7290	0.591907
846	-9	0	64	4419	7450	0.593154
847	-9	0	68	4441	7621	0.582732
848	-9	0	72	4528	7792	0.581109
849	-9	0	76	4538	7902	0.574285
850	-9	0	80	4545	8009	0.567487
851	-9	0	84	4441	8042	0.552226
852	-9	0	88	4373	8059	0.542623
853	-9	0	92	4334	8045	0.538720
854	-9	0	96	4370	7986	0.547208
855	-9	0	100	4352	7924	0.549218
856	-9	0	104	4322	7788	0.554956
857	-9	0	108	4286	7672	0.558655
858	-9	5	-20	4286	7341	0.583844
859	-9	5	-16	4288	7444	0.576034
860	-9	5	-12	4151	7505	0.553098
861	-9	5	-8	4212	7553	0.557659
862	-9	5	-4	4379	7601	0.576108
863	-9	5	0	4440	7589	0.585057
864	-9	5	4	4553	7613	0.598056
865	-9	5	8	4512	7593	0.594232
866	-9	5	12	4493	7565	0.593919
867	-9	5	16	4424	7504	0.589552
868	-9	5	20	4401	7425	0.592727
869	-9	5	24	4336	7323	0.592107
870	-9	5	28	4309	7201	0.598389
871	-9	5	32	4325	7124	0.607103
872	-9	5	36	4184	6990	0.598569
873	-9	5	40	4274	6920	0.617630
874	-9	5	44	4498	6901	0.651790
875	-9	5	48	4549	6919	0.657465
876	-9	5	52	4407	6973	0.632009
877	-9	5	56	4405	7019	0.627582
878	-9	5	60	4378	7108	0.615926
879	-9	5	64	4200	7251	0.579230
880	-9	5	68	4121	7416	0.555690
881	-9	5	72	4052	7455	0.543528
882	-9	5	76	4073	7542	0.540042
883	-9	5	80	4133	7574	0.545683
884	-9	5	84	4172	7595	0.549309
885	-9	5	88	4156	7597	0.547058
886	-9	5	92	4154	7558	0.549616
887	-9	5	96	4078	7526	0.541855
888	-9	5	100	3928	7469	0.525907
889	-9	5	104	3900	7414	0.526032
890	-9	5	108	3849	7328	0.525246
891	-6	-5	-20	4151	7247	0.572789
892	-6	-5	-16	4230	7354	0.575197
893	-6	-5	-12	4331	7423	0.583457
894	-6	-5	-8	4401	7477	0.588605
895	-6	-5	-4	4361	7504	0.581157
896	-6	-5	0	4365	7518	0.580607
897	-6	-5	4	4302	7530	0.571315
898	-6	-5	8	4232	7482	0.565624
899	-6	-5	12	4275	7436	0.574906
900	-6	-5	16	4418	7395	0.597431
901	-6	-5	20	4402	7263	0.606086
902	-6	-5	24	4193	7167	0.585043
903	-6	-5	28	3995	7001	0.570633
904	-6	-5	32	3893	6832	0.569819
905	-6	-5	36	3902	6736	0.579276
906	-6	-5	40	3830	6732	0.568925
907	-6	-5	44	3776	6678	0.565439
908	-6	-5	48	3834	6702	0.572068
909	-6	-5	52	3867	6806	0.568175
910	-6	-5	56	3790	6863	0.552237
911	-6	-5	60	3859	7046	0.547687
912	-6	-5	64	4015	7164	0.560441
913	-6	-5	68	4136	7324	0.564719
914	-6	-5	72	4178	7467	0.559529
915	-6	-5	76	4259	7588	0.561281
916	-6	-5	80	4354	7679	0.567001
917	-6	-5	84	4424	7728	0.572464
918	-6	-5	88	4414	7728	0.571170
919	-6	-5	92	4457	7741	0.575765
920	-6	-5	96	4350	7723	0.563253
921	-6	-5	100	4155	7689	0.540382
922	-6	-5	104	3904	7617	0.512538
923	-6	-5	108	3919	7551	0.519004
924	-6	0	-20	4410	7575	0.582178
925	-6	0	-16	4478	7731	0.579226
926	-6	0	-12	4567	7851	0.581709
927	-6	0	-8	4543	7935	0.572527
928	-6	0	-4	4603	7995	0.575735
929	-6	0	0	4610	8024	0.574526
930	-6	0	4	4593	8019	0.572765
931	-6	0	8	4653	7993	0.582134
932	-6	0	12	4667	7894	0.591209
933	-6	0	16	4621	7778	0.594112
934	-6	0	20	4496	7620	0.590026
935	-6	0	24	4417	7464	0.591774
936	-6	0	28	4536	7294	0.621881
937	-6	0	32	4658	7203	0.646675
938	-6	0	36	4301	7089	0.606715
939	-6	0	40	3937	6978	0.564202
940	-6	0	44	3866	6944	0.556740
941	-6	0	48	4066	6961	0.584111
942	-6	0	52	4143	7037	0.588745
943	-6	0	56	4154	7170	0.579358
944	-6	0	60	4206	7294	0.576638
945	-6	0	64	4318	7472	0.577891
946	-6	0	68	4522	7643	0.591652
947	-6	0	72	4603	7817	0.588845
948	-6	0	76	4588	7943	0.577616
949	-6	0	80	4567	8039	0.568105
950	-6	0	84	4508	8087	0.557438
951	-6	0	88	4381	8121	0.539466
952	-6	0	92	4354	8072	0.539395
953	-6	0	96	4292	8023	0.534962
954	-6	0	100	4226	7962	0.530771
955	-6	0	104	4280	7851	0.545153
956	-6	0	108	4272	7705	0.554445
957	-6	5	-20	4288	7451	0.575493
958	-6	5	-16	4278	7638	0.560094
959	-6	5	-12	4319	7703	0.560691
960	-6	5	-8	4375	7781	0.562267
961	-6	5	-4	4535	7829	0.579257
962	-6	5	0	4612	7842	0.588115
963	-6	5	4	4696	7848	0.598369
964	-6	5	8	4651	7834	0.593694
965	-6	5	12	4669	7765	0.601288
966	-6	5	16	4671	7678	0.608362
967	-6	5	20	4593	7585	0.605537
968	-6	5	24	4425	7438	0.594918
969	-6	5	28	4462	7306	0.610731
970	-6	5	32	4306	7144	0.602744
971	-6	5	36	4145	7059	0.587194
972	-6	5	40	4212	6923	0.608407
973	-6	5	44	4354	6890	0.631930
974	-6	5	48	4305	6902	0.623732
975	-6	5	52	4225	6937	0.609053
976	-6	5	56	4280	7040	0.607955
977	-6	5	60	4292	7076	0.606557
978	-6	5	64	4280	7231	0.591896
979	-6	5	68	4261	7397	0.576044
980	-6	5	72	4149	7491	0.553865
981	-6	5	76	4184	7596	0.550816
982	-6	5	80	4247	7660	0.554439
983	-6	5	84	4264	7677	0.555425
984	-6	5	88	4223	7681	0.549798
985	-6	5	92	4220	7652	0.551490
986	-6	5	96	4225	7645	0.552649
987	-6	5	100	4250	7596	0.559505
988	-6	5	104	4151	7531	0.551188
989	-6	5	108	4027	7425	0.542357
990	-3	-5	-20	4077	7275	0.560412
991	-3	-5	-16	4155	7428	0.559370
992	-3	-5	-12	4239	7520	0.563697
993	-3	-5	-8	4312	7594	0.567817
994	-3	-5	-4	4346	7619	0.570416
995	-3	-5	0	4319	7602	0.568140
996	-3	-5	4	4320	7575	0.570297
997	-3	-5	8	4237	7517	0.563656
998	-3	-5	12	4221	7471	0.564985
999	-3	-5	16	4256	7376	0.577007
1000	-3	-5	20	4266	7290	0.585185
1001	-3	-5	24	3994	7123	0.560719
1002	-3	-5	28	3816	6958	0.548433
1003	-3	-5	32	3859	6824	0.565504
1004	-3	-5	36	3931	6753	0.582112
1005	-3	-5	40	3846	6651	0.578259
1006	-3	-5	44	3932	6617	0.594227
1007	-3	-5	48	4003	6646	0.602317
1008	-3	-5	52	3964	6694	0.592172
1009	-3	-5	56	3921	6802	0.576448
1010	-3	-5	60	3926	6942	0.565543
1011	-3	-5	64	4002	7089	0.564537
1012	-3	-5	68	4043	7251	0.557578
1013	-3	-5	72	4065	7424	0.547548
1014	-3	-5	76	4212	7561	0.557069
1015	-3	-5	80	4250	7671	0.554035
1016	-3	-5	84	4322	7711	0.560498
1017	-3	-5	88	4452	7753	0.574229
1018	-3	-5	92	4474	7758	0.576695
1019	-3	-5	96	4360	7716	0.565060
1020	-3	-5	100	4209	7657	0.549693
1021	-3	-5	104	4085	7549	0.541131
1022	-3	-5	108	4012	7462	0.537657
1023	-3	0	-20	4335	7602	0.570245
1024	-3	0	-16	4390	7783	0.564050
1025	-3	0	-12	4507	7921	0.568994
1026	-3	0	-8	4535	8039	0.564125
1027	-3	0	-4	4600	8074	0.569730
1028	-3	0	0	4615	8078	0.571305
1029	-3	0	4	4708	8084	0.582385
1030	-3	0	8	4693	8034	0.584142
1031	-3	0	12	4733	7921	0.597526
1032	-3	0	16	4697	7777	0.603960
1033	-3	0	20	4454	7557	0.589387
1034	-3	0	24	4286	7386	0.580287
1035	-3	0	28	4262	7145	0.596501
1036	-3	0	32	4236	7026	0.602904
1037	-3	0	36	4134	6914	0.597917
1038	-3	0	40	3926	6833	0.574565
1039	-3	0	44	3875	6792	0.570524
1040	-3	0	48	4028	6802	0.592179
1041	-3	0	52	4109	6879	0.597325
1042	-3	0	56	4022	6973	0.576796
1043	-3	0	60	3986	7120	0.559831
1044	-3	0	64	4174	7300	0.571781
1045	-3	0	68	4366	7475	0.584080
1046	-3	0	72	4464	7638	0.584446
1047	-3	0	76	4498	7824	0.574898
1048	-3	0	80	4544	7952	0.571429
1049	-3	0	84	4517	8047	0.561327
1050	-3	0	88	4424	8092	0.546713
1051	-3	0	92	4350	8096	0.537302
1052	-3	0	96	4335	8071	0.537108
1053	-3	0	100	4306	7988	0.539059
1054	-3	0	104	4257	7841	0.542915
1055	-3	0	108	4182	7666	0.545526
1056	-3	5	-20	4315	7580	0.569261
1057	-3	5	-16	4348	7696	0.564969
1058	-3	5	-12	4492	7800	0.575897
1059	-3	5	-8	4576	7873	0.581227
1060	-3	5	-4	4584	7929	0.578131
1061	-3	5	0	4552	7931	0.573950
1062	-3	5	4	4626	7933	0.583134
1063	-3	5	8	4596	7861	0.584658
1064	-3	5	12	4611	7763	0.593971
1065	-3	5	16	4545	7627	0.595909
1066	-3	5	20	4461	7474	0.596869
1067	-3	5	24	4470	7297	0.612581
1068	-3	5	28	4339	7140	0.607703
1069	-3	5	32	4066	6984	0.582188
1070	-3	5	36	3941	6846	0.575665
1071	-3	5	40	3993	6773	0.589547
1072	-3	5	44	3872	6696	0.578256
1073	-3	5	48	3786	6686	0.566258
1074	-3	5	52	3842	6771	0.567420
1075	-3	5	56	3967	6878	0.576767
1076	-3	5	60	4013	6990	0.574106
1077	-3	5	64	4176	7133	0.585448
1078	-3	5	68	4278	7324	0.584107
1079	-3	5	72	4209	7438	0.565878
1080	-3	5	76	4161	7529	0.552663
1081	-3	5	80	4250	7629	0.557085
1082	-3	5	84	4309	7664	0.562239
1083	-3	5	88	4341	7698	0.563913
1084	-3	5	92	4358	7693	0.566489
1085	-3	5	96	4290	7679	0.558666
1086	-3	5	100	4288	7633	0.561771
1087	-3	5	104	4071	7530	0.540637
1088	-3	5	108	3809	7401	0.514660
1089	0	-5	-20	3889	7209	0.539465
1090	0	-5	-16	4039	7358	0.548926
1091	0	-5	-12	4177	7493	0.557454
1092	0	-5	-8	4254	7570	0.561955
1093	0	-5	-4	4360	7620	0.572178
1094	0	-5	0	4346	7636	0.569146
1095	0	-5	4	4326	7595	0.569585
1096	0	-5	8	4267	7509	0.568251
1097	0	-5	12	4198	7422	0.565616
1098	0	-5	16	4147	7278	0.569799
1099	0	-5	20	4037	7147	0.564852
1100	0	-5	24	3825	7005	0.546039
1101	0	-5	28	3694	6813	0.542199
1102	0	-5	32	3620	6688	0.541268
1103	0	-5	36	3664	6664	0.549820
1104	0	-5	40	3699	6536	0.565942
1105	0	-5	44	3881	6498	0.597261
1106	0	-5	48	3955	6509	0.607620
1107	0	-5	52	3968	6606	0.600666
1108	0	-5	56	3863	6654	0.580553
1109	0	-5	60	3896	6803	0.572689
1110	0	-5	64	3950	6965	0.567121
1111	0	-5	68	3936	7113	0.553353
1112	0	-5	72	4004	7254	0.551971
1113	0	-5	76	4034	7384	0.546316
1114	0	-5	80	4069	7507	0.542027
1115	0	-5	84	4200	7607	0.552123
1116	0	-5	88	4298	7650	0.561830
1117	0	-5	92	4377	7676	0.570219
1118	0	-5	96	4305	7631	0.564146
1119	0	-5	100	4203	7571	0.555145
1120	0	-5	104	4125	7469	0.552283
1121	0	-5	108	4074	7357	0.553758
1122	0	0	-20	4234	7450	0.568322
1123	0	0	-16	4243	7616	0.557117
1124	0	0	-12	4307	7774	0.554026
1125	0	0	-8	4376	7918	0.552665
1126	0	0	-4	4473	8014	0.558148
1127	0	0	0	4552	8049	0.565536
1128	0	0	4	4588	8004	0.573213
1129	0	0	8	4558	7887	0.577913
1130	0	0	12	4508	7727	0.583409
1131	0	0	16	4468	7572	0.590069
1132	0	0	20	4386	7371	0.595035
1133	0	0	24	4314	7202	0.599000
1134	0	0	28	3948	6690	0.590135
1135	0	0	32	4197	6825	0.614945
1136	0	0	36	4297	6747	0.636876
1137	0	0	40	4231	6685	0.632909
1138	0	0	44	4127	6666	0.619112
1139	0	0	48	4034	6672	0.604616
1140	0	0	52	4107	6759	0.607634
1141	0	0	56	4138	6835	0.605413
1142	0	0	60	4055	6947	0.583705
1143	0	0	64	4087	7020	0.582194
1144	0	0	68	4273	7284	0.586628
1145	0	0	72	4392	7447	0.589768
1146	0	0	76	4392	7613	0.576908
1147	0	0	80	4444	7770	0.571943
1148	0	0	84	4425	7909	0.559489
1149	0	0	88	4421	7987	0.553524
1150	0	0	92	4316	8021	0.538088
1151	0	0	96	4336	7968	0.544177
1152	0	0	100	4287	7853	0.545906
1153	0	0	104	4179	7687	0.543645
1154	0	0	108	4119	7486	0.550227
1155	0	5	-20	4274	7446	0.573999
1156	0	5	-16	4367	7570	0.576882
1157	0	5	-12	4495	7675	0.585668
1158	0	5	-8	4488	7759	0.578425
1159	0	5	-4	4423	7806	0.566615
1160	0	5	0	4396	7787	0.564531
1161	0	5	4	4445	7762	0.572662
1162	0	5	8	4454	7686	0.579495
1163	0	5	12	4363	7578	0.575746
1164	0	5	16	4255	7425	0.573064
1165	0	5	20	4284	7277	0.588704
1166	0	5	24	4235	7102	0.596311
1167	0	5	28	4095	6916	0.592105
1168	0	5	32	3981	6736	0.591004
1169	0	5	36	4012	6677	0.600869
1170	0	5	40	3906	6551	0.596245
1171	0	5	44	3757	6529	0.575433
1172	0	5	48	3735	6531	0.571888
1173	0	5	52	3896	6641	0.586659
1174	0	5	56	3932	6709	0.586078
1175	0	5	60	3958	6844	0.578317
1176	0	5	64	4099	7022	0.583737
1177	0	5	68	4180	7172	0.582822
1178	0	5	72	4148	7319	0.566744
1179	0	5	76	4110	7429	0.553237
1180	0	5	80	4201	7533	0.557680
1181	0	5	84	4299	7600	0.565658
1182	0	5	88	4330	7639	0.566828
1183	0	5	92	4213	7626	0.552452
1184	0	5	96	4119	7576	0.543691
1185	0	5	100	4096	7500	0.546133
1186	0	5	104	3975	7376	0.538910
1187	0	5	108	3797	7233	0.524955
1188	3	-5	-20	3908	7035	0.555508
1189	3	-5	-16	3956	7145	0.553674
1190	3	-5	-12	4015	7250	0.553793
1191	3	-5	-8	4033	7299	0.552541
1192	3	-5	-4	4115	7322	0.562005
1193	3	-5	0	4132	7348	0.562330
1194	3	-5	4	4094	7317	0.559519
1195	3	-5	8	4077	7258	0.561725
1196	3	-5	12	4070	7173	0.567406
1197	3	-5	16	3989	7048	0.565976
1198	3	-5	20	3961	6922	0.572233
1199	3	-5	24	3934	6772	0.580921
1200	3	-5	28	3864	6649	0.581140
1201	3	-5	32	3697	6536	0.565636
1202	3	-5	36	3567	6409	0.556561
1203	3	-5	40	3589	6381	0.562451
1204	3	-5	44	3705	6334	0.584938
1205	3	-5	48	3762	6326	0.594689
1206	3	-5	52	3745	6423	0.583061
1207	3	-5	56	3835	6523	0.587920
1208	3	-5	60	3833	6646	0.576738
1209	3	-5	64	3789	6744	0.561833
1210	3	-5	68	3819	6901	0.553398
1211	3	-5	72	3876	7005	0.553319
1212	3	-5	76	3884	7110	0.546273
1213	3	-5	80	3950	7230	0.546335
1214	3	-5	84	4024	7286	0.552292
1215	3	-5	88	4066	7318	0.555616
1216	3	-5	92	4087	7346	0.556357
1217	3	-5	96	4122	7358	0.560207
1218	3	-5	100	4075	7316	0.556998
1219	3	-5	104	3934	7243	0.543145
1220	3	-5	108	3833	7145	0.536459
1221	3	0	-20	3992	7253	0.550393
1222	3	0	-16	4027	7427	0.542211
1223	3	0	-12	4117	7554	0.545009
1224	3	0	-8	4233	7656	0.552900
1225	3	0	-4	4234	7709	0.549228
1226	3	0	0	4339	7723	0.561828
1227	3	0	4	4391	7683	0.571522
1228	3	0	8	4337	7613	0.569683
1229	3	0	12	4274	7483	0.571161
1230	3	0	16	4269	7346	0.581133
1231	3	0	20	4277	7138	0.599187
1232	3	0	24	4245	6975	0.608602
1233	3	0	28	4149	6773	0.612579
1234	3	0	32	4206	6654	0.632101
1235	3	0	36	4405	6595	0.667930
1236	3	0	40	4432	6517	0.680068
1237	3	0	44	4154	6476	0.641445
1238	3	0	48	3930	6495	0.605081
1239	3	0	52	3953	6562	0.602408
1240	3	0	56	3991	6603	0.604422
1241	3	0	60	4065	6742	0.602937
1242	3	0	64	4037	6873	0.587371
1243	3	0	68	4080	7032	0.580205
1244	3	0	72	4155	7202	0.576923
1245	3	0	76	4207	7356	0.571914
1246	3	0	80	4204	7487	0.561507
1247	3	0	84	4132	7576	0.545407
1248	3	0	88	4140	7628	0.542737
1249	3	0	92	4127	7674	0.537790
1250	3	0	96	4107	7634	0.537988
1251	3	0	100	4067	7553	0.538462
1252	3	0	104	3966	7409	0.535295
1253	3	0	108	3924	7248	0.541391
1254	3	5	-20	3877	7177	0.540198
1255	3	5	-16	3987	7276	0.547966
1256	3	5	-12	4087	7355	0.555676
1257	3	5	-8	4177	7413	0.563470
1258	3	5	-4	4204	7444	0.564750
1259	3	5	0	4175	7411	0.563352
1260	3	5	4	4141	7379	0.561187
1261	3	5	8	4171	7339	0.568334
1262	3	5	12	4131	7275	0.567835
1263	3	5	16	4091	7147	0.572408
1264	3	5	20	4122	7038	0.585678
1265	3	5	24	4037	6887	0.586177
1266	3	5	28	3954	6724	0.588043
1267	3	5	32	3966	6582	0.602552
1268	3	5	36	4016	6479	0.619849
1269	3	5	40	3971	6376	0.622804
1270	3	5	44	3895	6369	0.611556
1271	3	5	48	3881	6378	0.608498
1272	3	5	52	3953	6405	0.617174
1273	3	5	56	3913	6493	0.602649
1274	3	5	60	3919	6636	0.590567
1275	3	5	64	3816	6757	0.564748
1276	3	5	68	3838	6924	0.554304
1277	3	5	72	3873	7063	0.548351
1278	3	5	76	3887	7172	0.541969
1279	3	5	80	3897	7255	0.537147
1280	3	5	84	3974	7295	0.544757
1281	3	5	88	4057	7293	0.556287
1282	3	5	92	3954	7269	0.543954
1283	3	5	96	3894	7239	0.537920
1284	3	5	100	3880	7202	0.538739
1285	3	5	104	3853	7103	0.542447
1286	3	5	108	3768	6987	0.539287
1287	6	-5	-20	3666	6760	0.542308
1288	6	-5	-16	3752	6893	0.544320
1289	6	-5	-12	3810	6949	0.548280
1290	6	-5	-8	3759	6976	0.538847
1291	6	-5	-4	3850	7007	0.549451
1292	6	-5	0	3827	7000	0.546714
1293	6	-5	4	3805	6970	0.545911
1294	6	-5	8	3830	6947	0.551317
1295	6	-5	12	3846	6893	0.557957
1296	6	-5	16	3824	6793	0.562932
1297	6	-5	20	3876	6729	0.576014
1298	6	-5	24	3898	6569	0.593393
1299	6	-5	28	3862	6448	0.598945
1300	6	-5	32	3682	6310	0.583518
1301	6	-5	36	3544	6239	0.568040
1302	6	-5	40	3495	6143	0.568940
1303	6	-5	44	3474	6105	0.569042
1304	6	-5	48	3528	6144	0.574219
1305	6	-5	52	3597	6201	0.580068
1306	6	-5	56	3702	6297	0.587899
1307	6	-5	60	3662	6345	0.577147
1308	6	-5	64	3691	6507	0.567235
1309	6	-5	68	3721	6673	0.557620
1310	6	-5	72	3710	6770	0.548006
1311	6	-5	76	3712	6891	0.538674
1312	6	-5	80	3737	6961	0.536848
1313	6	-5	84	3825	6994	0.546897
1314	6	-5	88	3859	7010	0.550499
1315	6	-5	92	3859	7013	0.550264
1316	6	-5	96	3851	7020	0.548575
1317	6	-5	100	3859	6990	0.552074
1318	6	-5	104	3823	6947	0.550309
1319	6	-5	108	3689	6861	0.537677
1320	6	0	-20	3696	7010	0.527247
1321	6	0	-16	3899	7159	0.544629
1322	6	0	-12	3955	7251	0.545442
1323	6	0	-8	4000	7320	0.546448
1324	6	0	-4	4017	7344	0.546977
1325	6	0	0	4101	7353	0.557732
1326	6	0	4	4123	7315	0.563636
1327	6	0	8	4129	7272	0.567794
1328	6	0	12	4131	7183	0.575108
1329	6	0	16	4060	7063	0.574827
1330	6	0	20	4002	6898	0.580168
1331	6	0	24	4051	6746	0.600504
1332	6	0	28	4059	6577	0.617151
1333	6	0	32	4149	6485	0.639784
1334	6	0	36	4290	6376	0.672836
1335	6	0	40	4172	6303	0.661907
1336	6	0	44	3886	6258	0.620965
1337	6	0	48	3617	6252	0.578535
1338	6	0	52	3620	6332	0.571699
1339	6	0	56	3686	6422	0.573964
1340	6	0	60	3738	6519	0.573401
1341	6	0	64	3725	6651	0.560066
1342	6	0	68	3794	6795	0.558352
1343	6	0	72	3946	6960	0.566954
1344	6	0	76	4006	7080	0.565819
1345	6	0	80	3992	7196	0.554753
1346	6	0	84	3949	7250	0.544690
1347	6	0	88	3899	7277	0.535798
1348	6	0	92	3843	7284	0.527595
1349	6	0	96	3809	7235	0.526469
1350	6	0	100	3765	7176	0.524666
1351	6	0	104	3708	7091	0.522916
1352	6	0	108	3613	6980	0.517622
1353	6	5	-20	3666	6893	0.531844
1354	6	5	-16	3678	6966	0.527993
1355	6	5	-12	3781	7029	0.537914
1356	6	5	-8	3851	7083	0.543696
1357	6	5	-4	3966	7099	0.558670
1358	6	5	0	3955	7071	0.559327
1359	6	5	4	3984	7094	0.561601
1360	6	5	8	3987	7046	0.565853
1361	6	5	12	3966	6990	0.567382
1362	6	5	16	3957	6910	0.572648
1363	6	5	20	3910	6749	0.579345
1364	6	5	24	3737	6645	0.562378
1365	6	5	28	3650	6493	0.562144
1366	6	5	32	3632	6334	0.573413
1367	6	5	36	3689	6253	0.589957
1368	6	5	40	3627	6198	0.585189
1369	6	5	44	3605	6162	0.585037
1370	6	5	48	3512	6154	0.570686
1371	6	5	52	3535	6224	0.567963
1372	6	5	56	3533	6264	0.564017
1373	6	5	60	3569	6417	0.556179
1374	6	5	64	3508	6513	0.538615
1375	6	5	68	3482	6657	0.523058
1376	6	5	72	3574	6768	0.528073
1377	6	5	76	3663	6861	0.533887
1378	6	5	80	3683	6903	0.533536
1379	6	5	84	3655	6954	0.525597
1380	6	5	88	3779	6957	0.543194
1381	6	5	92	3818	6950	0.549353
1382	6	5	96	3841	6950	0.552662
1383	6	5	100	3833	6917	0.554142
1384	6	5	104	3788	6843	0.553558
1385	6	5	108	3776	6736	0.560570
1386	9	-5	-20	3356	6500	0.516308
1387	9	-5	-16	3473	6587	0.527251
1388	9	-5	-12	3439	6624	0.519173
1389	9	-5	-8	3485	6665	0.522881
1390	9	-5	-4	3587	6676	0.537298
1391	9	-5	0	3605	6640	0.542922
1392	9	-5	4	3723	6658	0.559177
1393	9	-5	8	3746	6634	0.564667
1394	9	-5	12	3797	6625	0.573132
1395	9	-5	16	3696	6543	0.564878
1396	9	-5	20	3629	6461	0.561678
1397	9	-5	24	3591	6378	0.563029
1398	9	-5	28	3525	6245	0.564452
1399	9	-5	32	3432	6159	0.557233
1400	9	-5	36	3297	6001	0.549408
1401	9	-5	40	3255	5947	0.547335
1402	9	-5	44	3222	5896	0.546472
1403	9	-5	48	3297	5917	0.557208
1404	9	-5	52	3419	5968	0.572889
1405	9	-5	56	3602	6049	0.595470
1406	9	-5	60	3579	6123	0.584517
1407	9	-5	64	3563	6281	0.567266
1408	9	-5	68	3614	6459	0.559529
1409	9	-5	72	3603	6519	0.552692
1410	9	-5	76	3632	6610	0.549470
1411	9	-5	80	3571	6635	0.538206
1412	9	-5	84	3586	6656	0.538762
1413	9	-5	88	3665	6671	0.549393
1414	9	-5	92	3783	6695	0.565049
1415	9	-5	96	3724	6685	0.557068
1416	9	-5	100	3692	6663	0.554105
1417	9	-5	104	3648	6620	0.551057
1418	9	-5	108	3629	6576	0.551855
1419	9	0	-20	3630	6728	0.539536
1420	9	0	-16	3740	6826	0.547905
1421	9	0	-12	3758	6888	0.545587
1422	9	0	-8	3819	6943	0.550050
1423	9	0	-4	3865	6969	0.554599
1424	9	0	0	3822	6986	0.547094
1425	9	0	4	3841	6959	0.551947
1426	9	0	8	3858	6916	0.557837
1427	9	0	12	3851	6843	0.562765
1428	9	0	16	3828	6750	0.567111
1429	9	0	20	3796	6641	0.571601
1430	9	0	24	3777	6493	0.581703
1431	9	0	28	3836	6350	0.604094
1432	9	0	32	3829	6224	0.615199
1433	9	0	36	3747	6116	0.612655
1434	9	0	40	3712	6039	0.614671
1435	9	0	44	3594	5989	0.600100
1436	9	0	48	3441	5999	0.573596
1437	9	0	52	3332	6038	0.551838
1438	9	0	56	3385	6157	0.549781
1439	9	0	60	3419	6287	0.543821
1440	9	0	64	3499	6401	0.546633
1441	9	0	68	3602	6519	0.552539
1442	9	0	72	3704	6668	0.555489
1443	9	0	76	3813	6772	0.563054
1444	9	0	80	3867	6862	0.563538
1445	9	0	84	3830	6910	0.554269
1446	9	0	88	3764	6934	0.542832
1447	9	0	92	3681	6902	0.533324
1448	9	0	96	3605	6854	0.525970
1449	9	0	100	3581	6825	0.524689
1450	9	0	104	3569	6748	0.528897
1451	9	0	108	3550	6678	0.531596
1452	9	5	-20	3661	6607	0.554109
1453	9	5	-16	3637	6683	0.544217
1454	9	5	-12	3637	6737	0.539855
1455	9	5	-8	3630	6764	0.536665
1456	9	5	-4	3613	6797	0.531558
1457	9	5	0	3634	6761	0.537494
1458	9	5	4	3670	6781	0.541218
1459	9	5	8	3675	6736	0.545576
1460	9	5	12	3718	6661	0.558174
1461	9	5	16	3732	6589	0.566399
1462	9	5	20	3627	6493	0.558602
1463	9	5	24	3451	6354	0.543122
1464	9	5	28	3431	6255	0.548521
1465	9	5	32	3421	6136	0.557529
1466	9	5	36	3272	6027	0.542890
1467	9	5	40	3167	5947	0.532537
1468	9	5	44	3167	5950	0.532269
1469	9	5	48	3209	5947	0.539600
1470	9	5	52	3240	6022	0.538027
1471	9	5	56	3302	6061	0.544795
1472	9	5	60	3432	6169	0.556330
1473	9	5	64	3465	6280	0.551752
1474	9	5	68	3434	6379	0.538329
1475	9	5	72	3436	6480	0.530247
1476	9	5	76	3441	6541	0.526066
1477	9	5	80	3469	6594	0.526084
1478	9	5	84	3513	6612	0.531307
1479	9	5	88	3594	6622	0.542736
1480	9	5	92	3703	6633	0.558269
1481	9	5	96	3672	6627	0.554097
1482	9	5	100	3595	6606	0.544202
1483	9	5	104	3545	6554	0.540891
1484	9	5	108	3612	6479	0.557493
1485	12	-5	-20	3251	6273	0.518253
1486	12	-5	-16	3278	6332	0.517688
1487	12	-5	-12	3341	6353	0.525893
1488	12	-5	-8	3414	6383	0.534858
1489	12	-5	-4	3414	6377	0.535361
1490	12	-5	0	3456	6378	0.541863
1491	12	-5	4	3560	6375	0.558431
1492	12	-5	8	3615	6358	0.568575
1493	12	-5	12	3634	6335	0.573639
1494	12	-5	16	3644	6264	0.581737
1495	12	-5	20	3577	6196	0.577308
1496	12	-5	24	3416	6104	0.559633
1497	12	-5	28	3228	6014	0.536748
1498	12	-5	32	3142	5882	0.534172
1499	12	-5	36	3126	5808	0.538223
1500	12	-5	40	3053	5750	0.530957
1501	12	-5	44	3025	5695	0.531168
1502	12	-5	48	3089	5692	0.542691
1503	12	-5	52	3252	5737	0.566847
1504	12	-5	56	3453	5808	0.594525
1505	12	-5	60	3444	5896	0.584125
1506	12	-5	64	3349	6007	0.557516
1507	12	-5	68	3379	6134	0.550864
1508	12	-5	72	3352	6201	0.540558
1509	12	-5	76	3364	6260	0.537380
1510	12	-5	80	3435	6319	0.543599
1511	12	-5	84	3418	6330	0.539968
1512	12	-5	88	3432	6328	0.542351
1513	12	-5	92	3544	6347	0.558374
1514	12	-5	96	3572	6338	0.563585
1515	12	-5	100	3492	6317	0.552794
1516	12	-5	104	3453	6300	0.548095
1517	12	-5	108	3437	6253	0.549656
1518	12	0	-20	3605	6423	0.561264
1519	12	0	-16	3621	6489	0.558021
1520	12	0	-12	3605	6554	0.550046
1521	12	0	-8	3618	6589	0.549097
1522	12	0	-4	3663	6629	0.552572
1523	12	0	0	3693	6647	0.555589
1524	12	0	4	3647	6598	0.552743
1525	12	0	8	3633	6549	0.554741
1526	12	0	12	3630	6492	0.559150
1527	12	0	16	3618	6422	0.563376
1528	12	0	20	3653	6341	0.576092
1529	12	0	24	3681	6265	0.587550
1530	12	0	28	3731	6146	0.607062
1531	12	0	32	3681	6011	0.612377
1532	12	0	36	3487	5881	0.592926
1533	12	0	40	3481	5824	0.597699
1534	12	0	44	3485	5774	0.603568
1535	12	0	48	3426	5784	0.592324
1536	12	0	52	3296	5816	0.566713
1537	12	0	56	3220	5893	0.546411
1538	12	0	60	3284	5984	0.548797
1539	12	0	64	3389	6130	0.552855
1540	12	0	68	3467	6225	0.556948
1541	12	0	72	3501	6345	0.551773
1542	12	0	76	3601	6409	0.561866
1543	12	0	80	3714	6496	0.571736
1544	12	0	84	3718	6554	0.567287
1545	12	0	88	3611	6570	0.549619
1546	12	0	92	3540	6573	0.538567
1547	12	0	96	3536	6547	0.540095
1548	12	0	100	3509	6481	0.541429
1549	12	0	104	3494	6419	0.544322
1550	12	0	108	3444	6348	0.542533
1551	12	5	-20	3447	6328	0.544722
1552	12	5	-16	3451	6390	0.540063
1553	12	5	-12	3407	6436	0.529366
1554	12	5	-8	3339	6456	0.517193
1555	12	5	-4	3278	6469	0.506724
1556	12	5	0	3395	6454	0.526030
1557	12	5	4	3469	6467	0.536416
1558	12	5	8	3447	6411	0.537670
1559	12	5	12	3509	6361	0.551643
1560	12	5	16	3528	6307	0.559378
1561	12	5	20	3465	6219	0.557164
1562	12	5	24	3421	6111	0.559810
1563	12	5	28	3415	5997	0.569451
1564	12	5	32	3377	5913	0.571114
1565	12	5	36	3262	5811	0.561349
1566	12	5	40	3123	5747	0.543414
1567	12	5	44	3144	5722	0.549458
1568	12	5	48	3208	5727	0.560154
1569	12	5	52	3225	5767	0.559216
1570	12	5	56	3320	5885	0.564146
1571	12	5	60	3480	5957	0.584187
1572	12	5	64	3399	6026	0.564056
1573	12	5	68	3428	6089	0.562982
1574	12	5	72	3344	6190	0.540226
1575	12	5	76	3282	6222	0.527483
1576	12	5	80	3360	6250	0.537600
1577	12	5	84	3382	6298	0.536996
1578	12	5	88	3374	6322	0.533692
1579	12	5	92	3432	6318	0.543210
1580	12	5	96	3429	6307	0.543682
1581	12	5	100	3418	6309	0.541766
1582	12	5	104	3461	6275	0.551554
1583	12	5	108	3497	6219	0.562309
1584	15	-5	-20	3179	5978	0.531783
1585	15	-5	-16	3249	6054	0.536670
1586	15	-5	-12	3348	6075	0.551111
1587	15	-5	-8	3443	6086	0.565725
1588	15	-5	-4	3390	6075	0.558025
1589	15	-5	0	3327	6071	0.548015
1590	15	-5	4	3382	6059	0.558178
1591	15	-5	8	3408	6040	0.564238
1592	15	-5	12	3375	5997	0.562781
1593	15	-5	16	3503	5963	0.587456
1594	15	-5	20	3462	5874	0.589377
1595	15	-5	24	3292	5827	0.564956
1596	15	-5	28	3221	5762	0.559007
1597	15	-5	32	3125	5657	0.552413
1598	15	-5	36	3118	5576	0.559182
1599	15	-5	40	3076	5534	0.555837
1600	15	-5	44	3008	5511	0.545817
1601	15	-5	48	2942	5482	0.536665
1602	15	-5	52	2976	5533	0.537864
1603	15	-5	56	3025	5568	0.543283
1604	15	-5	60	3056	5617	0.544063
1605	15	-5	64	3112	5705	0.545486
1606	15	-5	68	3137	5810	0.539931
1607	15	-5	72	3105	5889	0.527254
1608	15	-5	76	3060	5942	0.514978
1609	15	-5	80	3095	5982	0.517385
1610	15	-5	84	3173	5993	0.529451
1611	15	-5	88	3261	6021	0.541604
1612	15	-5	92	3289	6019	0.546436
1613	15	-5	96	3358	6016	0.558178
1614	15	-5	100	3281	6007	0.546196
1615	15	-5	104	3198	5943	0.538112
1616	15	-5	108	3170	5931	0.534480
1617	15	0	-20	3364	6119	0.549763
1618	15	0	-16	3391	6175	0.549150
1619	15	0	-12	3419	6252	0.546865
1620	15	0	-8	3479	6300	0.552222
1621	15	0	-4	3510	6313	0.555996
1622	15	0	0	3488	6334	0.550679
1623	15	0	4	3462	6283	0.551011
1624	15	0	8	3484	6222	0.559949
1625	15	0	12	3417	6161	0.554618
1626	15	0	16	3428	6087	0.563167
1627	15	0	20	3458	6026	0.573847
1628	15	0	24	3469	5936	0.584400
1629	15	0	28	3488	5847	0.596545
1630	15	0	32	3460	5764	0.600278
1631	15	0	36	3365	5720	0.588287
1632	15	0	40	3289	5637	0.583466
1633	15	0	44	3377	5588	0.604331
1634	15	0	48	3393	5613	0.604490
1635	15	0	52	3283	5622	0.583956
1636	15	0	56	3120	5704	0.546985
1637	15	0	60	3075	5742	0.535528
1638	15	0	64	3127	5843	0.535170
1639	15	0	68	3188	5923	0.538241
1640	15	0	72	3266	6002	0.544152
1641	15	0	76	3338	6086	0.548472
1642	15	0	80	3402	6133	0.554704
1643	15	0	84	3467	6203	0.558923
1644	15	0	88	3439	6234	0.551652
1645	15	0	92	3428	6256	0.547954
1646	15	0	96	3365	6205	0.542305
1647	15	0	100	3368	6165	0.546310
1648	15	0	104	3326	6112	0.544175
1649	15	0	108	3316	6041	0.548916
1650	15	5	-20	3086	6030	0.511774
1651	15	5	-16	3152	6103	0.516467
1652	15	5	-12	3136	6095	0.514520
1653	15	5	-8	3158	6150	0.513496
1654	15	5	-4	3236	6157	0.525581
1655	15	5	0	3327	6128	0.542918
1656	15	5	4	3344	6130	0.545514
1657	15	5	8	3338	6092	0.547932
1658	15	5	12	3365	6079	0.553545
1659	15	5	16	3384	6020	0.562126
1660	15	5	20	3306	5934	0.557128
1661	15	5	24	3229	5825	0.554335
1662	15	5	28	3231	5744	0.562500
1663	15	5	32	3246	5667	0.572790
1664	15	5	36	3176	5602	0.566940
1665	15	5	40	3153	5542	0.568928
1666	15	5	44	3146	5524	0.569515
1667	15	5	48	3146	5516	0.570341
1668	15	5	52	3167	5591	0.566446
1669	15	5	56	3201	5641	0.567453
1670	15	5	60	3192	5676	0.562368
1671	15	5	64	3176	5745	0.552829
1672	15	5	68	3132	5788	0.541120
1673	15	5	72	3125	5848	0.534371
1674	15	5	76	3109	5871	0.529552
1675	15	5	80	3157	5946	0.530945
1676	15	5	84	3122	5960	0.523826
1677	15	5	88	3146	5980	0.526087
1678	15	5	92	3180	5995	0.530442
1679	15	5	96	3255	6007	0.541868
1680	15	5	100	3307	5988	0.552271
1681	15	5	104	3300	5958	0.553877
1682	15	5	108	3269	5889	0.555103
1683	18	-5	-20	3061	5682	0.538719
1684	18	-5	-16	3081	5752	0.535640
1685	18	-5	-12	3147	5777	0.544746
1686	18	-5	-8	3229	5761	0.560493
1687	18	-5	-4	3203	5776	0.554536
1688	18	-5	0	3154	5752	0.548331
1689	18	-5	4	3150	5736	0.549163
1690	18	-5	8	3154	5732	0.550244
1691	18	-5	12	3163	5707	0.554232
1692	18	-5	16	3245	5652	0.574133
1693	18	-5	20	3211	5593	0.574110
1694	18	-5	24	3101	5531	0.560658
1695	18	-5	28	2971	5488	0.541363
1696	18	-5	32	2934	5390	0.544341
1697	18	-5	36	2977	5346	0.556865
1698	18	-5	40	2916	5301	0.550085
1699	18	-5	44	2797	5277	0.530036
1700	18	-5	48	2733	5286	0.517026
1701	18	-5	52	2780	5313	0.523245
1702	18	-5	56	2847	5359	0.531256
1703	18	-5	60	2933	5402	0.542947
1704	18	-5	64	2966	5427	0.546527
1705	18	-5	68	3000	5501	0.545355
1706	18	-5	72	2976	5569	0.534387
1707	18	-5	76	2926	5604	0.522127
1708	18	-5	80	2923	5634	0.518814
1709	18	-5	84	2953	5660	0.521731
1710	18	-5	88	2946	5683	0.518388
1711	18	-5	92	2975	5706	0.521381
1712	18	-5	96	3104	5685	0.545998
1713	18	-5	100	3046	5670	0.537213
1714	18	-5	104	2956	5648	0.523371
1715	18	-5	108	2976	5638	0.527847
1716	18	0	-20	3139	5827	0.538699
1717	18	0	-16	3204	5897	0.543327
1718	18	0	-12	3233	5938	0.544459
1719	18	0	-8	3299	5964	0.553152
1720	18	0	-4	3303	5998	0.550684
1721	18	0	0	3239	6014	0.538577
1722	18	0	4	3264	5951	0.548479
1723	18	0	8	3242	5894	0.550051
1724	18	0	12	3171	5842	0.542794
1725	18	0	16	3084	5767	0.534767
1726	18	0	20	3117	5704	0.546459
1727	18	0	24	3158	5643	0.559631
1728	18	0	28	3102	5548	0.559120
1729	18	0	32	3024	5515	0.548323
1730	18	0	36	2961	5467	0.541613
1731	18	0	40	2945	5371	0.548315
1732	18	0	44	2966	5378	0.551506
1733	18	0	48	2998	5375	0.557767
1734	18	0	52	2956	5399	0.547509
1735	18	0	56	2888	5429	0.531958
1736	18	0	60	2888	5482	0.526815
1737	18	0	64	2913	5554	0.524487
1738	18	0	68	2963	5604	0.528729
1739	18	0	72	3039	5672	0.535790
1740	18	0	76	3094	5743	0.538743
1741	18	0	80	3120	5794	0.538488
1742	18	0	84	3203	5838	0.548647
1743	18	0	88	3319	5898	0.562733
1744	18	0	92	3248	5890	0.551443
1745	18	0	96	3175	5858	0.541994
1746	18	0	100	3159	5805	0.544186
1747	18	0	104	3069	5751	0.533646
1748	18	0	108	3028	5700	0.531228
1749	18	5	-20	2954	5762	0.512669
1750	18	5	-16	3041	5807	0.523678
1751	18	5	-12	3190	5817	0.548393
1752	18	5	-8	3225	5821	0.554029
1753	18	5	-4	3204	5811	0.551368
1754	18	5	0	3169	5785	0.547796
1755	18	5	4	3175	5807	0.546754
1756	18	5	8	3144	5777	0.544227
1757	18	5	12	3148	5761	0.546433
1758	18	5	16	3155	5721	0.551477
1759	18	5	20	3042	5637	0.539649
1760	18	5	24	2958	5563	0.531727
1761	18	5	28	2943	5505	0.534605
1762	18	5	32	2898	5415	0.535180
1763	18	5	36	2888	5310	0.543879
1764	18	5	40	2936	5344	0.549401
1765	18	5	44	2876	5298	0.542846
1766	18	5	48	2826	5293	0.533913
1767	18	5	52	2838	5324	0.533058
1768	18	5	56	2834	5370	0.527747
1769	18	5	60	2796	5416	0.516248
1770	18	5	64	2818	5453	0.516780
1771	18	5	68	2912	5524	0.527154
1772	18	5	72	2968	5553	0.534486
1773	18	5	76	2954	5591	0.528349
1774	18	5	80	2901	5624	0.515825
1775	18	5	84	2892	5645	0.512312
1776	18	5	88	2981	5661	0.526585
1777	18	5	92	3050	5665	0.538394
1778	18	5	96	3082	5650	0.545487
1779	18	5	100	3121	5640	0.553369
1780	18	5	104	3113	5616	0.554309
1781	18	5	108	3058	5573	0.548717
1782	21	-5	-20	2877	5375	0.535256
1783	21	-5	-16	2873	5426	0.529488
1784	21	-5	-12	2854	5454	0.523286
1785	21	-5	-8	2901	5450	0.532294
1786	21	-5	-4	2946	5466	0.538968
1787	21	-5	0	2979	5479	0.543712
1788	21	-5	4	2975	5452	0.545671
1789	21	-5	8	2961	5449	0.543402
1790	21	-5	12	2973	5413	0.549233
1791	21	-5	16	3028	5389	0.561885
1792	21	-5	20	3035	5309	0.571671
1793	21	-5	24	2952	5268	0.560364
1794	21	-5	28	2810	5212	0.539140
1795	21	-5	32	2743	5175	0.530048
1796	21	-5	36	2732	5126	0.532969
1797	21	-5	40	2722	5104	0.533307
1798	21	-5	44	2614	5060	0.516601
1799	21	-5	48	2562	5059	0.506424
1800	21	-5	52	2632	5064	0.519747
1801	21	-5	56	2716	5089	0.533700
1802	21	-5	60	2850	5139	0.554583
1803	21	-5	64	2930	5184	0.565201
1804	21	-5	68	2933	5236	0.560160
1805	21	-5	72	2936	5278	0.556271
1806	21	-5	76	2920	5345	0.546305
1807	21	-5	80	2879	5370	0.536127
1808	21	-5	84	2830	5369	0.527100
1809	21	-5	88	2813	5381	0.522765
1810	21	-5	92	2837	5402	0.525176
1811	21	-5	96	2855	5382	0.530472
1812	21	-5	100	2828	5361	0.527514
1813	21	-5	104	2835	5367	0.528228
1814	21	-5	108	2889	5362	0.538791
1815	21	0	-20	2988	5500	0.543273
1816	21	0	-16	3011	5546	0.542914
1817	21	0	-12	2997	5585	0.536616
1818	21	0	-8	2966	5606	0.529076
1819	21	0	-4	2966	5657	0.524306
1820	21	0	0	3030	5681	0.533357
1821	21	0	4	3046	5639	0.540167
1822	21	0	8	3053	5564	0.548706
1823	21	0	12	2992	5516	0.542422
1824	21	0	16	2868	5458	0.525467
1825	21	0	20	2776	5399	0.514169
1826	21	0	24	2806	5340	0.525468
1827	21	0	28	2797	5291	0.528634
1828	21	0	32	2704	5236	0.516425
1829	21	0	36	2644	5196	0.508853
1830	21	0	40	2637	5172	0.509861
1831	21	0	44	2651	5133	0.516462
1832	21	0	48	2650	5144	0.515163
1833	21	0	52	2715	5174	0.524739
1834	21	0	56	2728	5189	0.525728
1835	21	0	60	2775	5250	0.528571
1836	21	0	64	2800	5259	0.532421
1837	21	0	68	2811	5307	0.529678
1838	21	0	72	2864	5362	0.534129
1839	21	0	76	2943	5416	0.543390
1840	21	0	80	3036	5468	0.555230
1841	21	0	84	3053	5495	0.555596
1842	21	0	88	3134	5546	0.565092
1843	21	0	92	3119	5569	0.560065
1844	21	0	96	3066	5510	0.556443
1845	21	0	100	3028	5488	0.551749
1846	21	0	104	2981	5452	0.546772
1847	21	0	108	2887	5409	0.533740
1848	21	5	-20	2814	5464	0.515007
1849	21	5	-16	2920	5504	0.530523
1850	21	5	-12	3033	5502	0.551254
1851	21	5	-8	3086	5503	0.560785
1852	21	5	-4	3056	5487	0.556953
1853	21	5	0	2993	5505	0.543688
1854	21	5	4	2852	5487	0.519774
1855	21	5	8	2814	5476	0.513879
1856	21	5	12	2898	5461	0.530672
1857	21	5	16	2953	5405	0.546346
1858	21	5	20	2857	5332	0.535821
1859	21	5	24	2793	5277	0.529278
1860	21	5	28	2731	5217	0.523481
1861	21	5	32	2692	5150	0.522718
1862	21	5	36	2702	5116	0.528147
1863	21	5	40	2715	5071	0.535397
1864	21	5	44	2677	5060	0.529051
1865	21	5	48	2585	5060	0.510870
1866	21	5	52	2580	5089	0.506976
1867	21	5	56	2601	5110	0.509002
1868	21	5	60	2603	5162	0.504262
1869	21	5	64	2671	5204	0.513259
1870	21	5	68	2773	5239	0.529299
1871	21	5	72	2834	5288	0.535930
1872	21	5	76	2822	5304	0.532051
1873	21	5	80	2744	5305	0.517248
1874	21	5	84	2749	5307	0.517995
1875	21	5	88	2850	5335	0.534208
1876	21	5	92	2860	5345	0.535080
1877	21	5	96	2891	5341	0.541284
1878	21	5	100	2891	5333	0.542096
1879	21	5	104	2877	5333	0.539471
1880	21	5	108	2810	5281	0.532096
1881	24	-5	-20	2739	5148	0.532051
1882	24	-5	-16	2716	5178	0.524527
1883	24	-5	-12	2619	5181	0.505501
1884	24	-5	-8	2640	5178	0.509849
1885	24	-5	-4	2717	5179	0.524619
1886	24	-5	0	2850	5169	0.551364
1887	24	-5	4	2816	5156	0.546160
1888	24	-5	8	2712	5147	0.526909
1889	24	-5	12	2724	5139	0.530064
1890	24	-5	16	2780	5092	0.545954
1891	24	-5	20	2839	5055	0.561622
1892	24	-5	24	2869	5033	0.570038
1893	24	-5	28	2827	5000	0.565400
1894	24	-5	32	2678	4928	0.543425
1895	24	-5	36	2533	4846	0.522699
1896	24	-5	40	2558	4834	0.529168
1897	24	-5	44	2487	4798	0.518341
1898	24	-5	48	2497	4770	0.523480
1899	24	-5	52	2518	4829	0.521433
1900	24	-5	56	2591	4859	0.533237
1901	24	-5	60	2670	4881	0.547019
1902	24	-5	64	2718	4889	0.555942
1903	24	-5	68	2771	4943	0.560591
1904	24	-5	72	2771	4996	0.554644
1905	24	-5	76	2827	5061	0.558585
1906	24	-5	80	2818	5085	0.554179
1907	24	-5	84	2767	5095	0.543081
1908	24	-5	88	2740	5115	0.535679
1909	24	-5	92	2725	5126	0.531604
1910	24	-5	96	2736	5076	0.539007
1911	24	-5	100	2760	5080	0.543307
1912	24	-5	104	2728	5058	0.539344
1913	24	-5	108	2728	5045	0.540733
1914	24	0	-20	2815	5211	0.540203
1915	24	0	-16	2846	5259	0.541168
1916	24	0	-12	2819	5268	0.535118
1917	24	0	-8	2798	5322	0.525742
1918	24	0	-4	2820	5343	0.527793
1919	24	0	0	2868	5379	0.533185
1920	24	0	4	2954	5339	0.553287
1921	24	0	8	2963	5279	0.561281
1922	24	0	12	2836	5213	0.544025
1923	24	0	16	2655	5181	0.512449
1924	24	0	20	2612	5121	0.510057
1925	24	0	24	2637	5091	0.517973
1926	24	0	28	2652	5037	0.526504
1927	24	0	32	2614	4999	0.522905
1928	24	0	36	2558	4963	0.515414
1929	24	0	40	2554	4958	0.515127
1930	24	0	44	2541	4924	0.516044
1931	24	0	48	2521	4905	0.513965
1932	24	0	52	2606	4937	0.527851
1933	24	0	56	2594	4940	0.525101
1934	24	0	60	2606	4931	0.528493
1935	24	0	64	2619	4961	0.527918
1936	24	0	68	2641	5005	0.527672
1937	24	0	72	2708	5050	0.536238
1938	24	0	76	2777	5085	0.546116
1939	24	0	80	2823	5123	0.551044
1940	24	0	84	2895	5188	0.558019
1941	24	0	88	2958	5226	0.566016
1942	24	0	92	3019	5241	0.576035
1943	24	0	96	2980	5220	0.570881
1944	24	0	100	2954	5178	0.570491
1945	24	0	104	2928	5148	0.568765
1946	24	0	108	2831	5105	0.554554
1947	24	5	-20	2566	5148	0.498446
1948	24	5	-16	2679	5164	0.518784
1949	24	5	-12	2747	5186	0.529695
1950	24	5	-8	2727	5199	0.524524
1951	24	5	-4	2792	5216	0.535276
1952	24	5	0	2808	5215	0.538447
1953	24	5	4	2765	5202	0.531526
1954	24	5	8	2689	5192	0.517912
1955	24	5	12	2704	5172	0.522815
1956	24	5	16	2796	5141	0.543863
1957	24	5	20	2726	5075	0.537143
1958	24	5	24	2678	5017	0.533785
1959	24	5	28	2631	4961	0.530337
1960	24	5	32	2594	4909	0.528417
1961	24	5	36	2568	4863	0.528069
1962	24	5	40	2598	4857	0.534898
1963	24	5	44	2595	4831	0.537156
1964	24	5	48	2555	4841	0.527784
1965	24	5	52	2581	4863	0.530742
1966	24	5	56	2585	4882	0.529496
1967	24	5	60	2575	4906	0.524868
1968	24	5	64	2590	4933	0.525035
1969	24	5	68	2589	4941	0.523983
1970	24	5	72	2615	4957	0.527537
1971	24	5	76	2618	4967	0.527079
1972	24	5	80	2561	4995	0.512713
1973	24	5	84	2598	5007	0.518874
1974	24	5	88	2670	5031	0.530710
1975	24	5	92	2649	5027	0.526954
1976	24	5	96	2666	5027	0.530336
1977	24	5	100	2623	5050	0.519406
1978	24	5	104	2666	5039	0.529073
1979	24	5	108	2709	4999	0.541908
1980	27	-5	-20	2482	4881	0.508502
1981	27	-5	-16	2607	4899	0.532149
1982	27	-5	-12	2578	4916	0.524410
1983	27	-5	-8	2521	4910	0.513442
1984	27	-5	-4	2597	4905	0.529460
1985	27	-5	0	2684	4887	0.549212
1986	27	-5	4	2604	4855	0.536354
1987	27	-5	8	2505	4831	0.518526
1988	27	-5	12	2504	4840	0.517355
1989	27	-5	16	2495	4809	0.518819
1990	27	-5	20	2562	4770	0.537107
1991	27	-5	24	2631	4735	0.555649
1992	27	-5	28	2592	4731	0.547876
1993	27	-5	32	2457	4646	0.528842
1994	27	-5	36	2462	4634	0.531290
1995	27	-5	40	2461	4573	0.538159
1996	27	-5	44	2435	4558	0.534226
1997	27	-5	48	2341	4561	0.513265
1998	27	-5	52	2322	4566	0.508541
1999	27	-5	56	2329	4592	0.507186
2000	27	-5	60	2428	4597	0.528171
2001	27	-5	64	2476	4626	0.535236
2002	27	-5	68	2498	4670	0.534904
2003	27	-5	72	2556	4715	0.542100
2004	27	-5	76	2624	4760	0.551261
2005	27	-5	80	2627	4779	0.549697
2006	27	-5	84	2625	4790	0.548017
2007	27	-5	88	2630	4827	0.544852
2008	27	-5	92	2605	4820	0.540456
2009	27	-5	96	2611	4797	0.544299
2010	27	-5	100	2626	4789	0.548340
2011	27	-5	104	2655	4764	0.557305
2012	27	-5	108	2646	4754	0.556584
2013	27	0	-20	2480	4911	0.504989
2014	27	0	-16	2565	4924	0.520918
2015	27	0	-12	2645	4972	0.531979
2016	27	0	-8	2678	4997	0.535922
2017	27	0	-4	2747	5048	0.544176
2018	27	0	0	2762	5077	0.544022
2019	27	0	4	2721	5015	0.542572
2020	27	0	8	2736	4953	0.552392
2021	27	0	12	2644	4923	0.537071
2022	27	0	16	2469	4883	0.505632
2023	27	0	20	2403	4845	0.495975
2024	27	0	24	2389	4793	0.498435
2025	27	0	28	2415	4759	0.507460
2026	27	0	32	2430	4735	0.513200
2027	27	0	36	2394	4715	0.507741
2028	27	0	40	2325	4678	0.497007
2029	27	0	44	2333	4661	0.500536
2030	27	0	48	2393	4637	0.516066
2031	27	0	52	2380	4632	0.513817
2032	27	0	56	2361	4659	0.506761
2033	27	0	60	2417	4675	0.517005
2034	27	0	64	2439	4698	0.519157
2035	27	0	68	2464	4736	0.520270
2036	27	0	72	2560	4765	0.537251
2037	27	0	76	2577	4793	0.537659
2038	27	0	80	2641	4850	0.544536
2039	27	0	84	2663	4888	0.544804
2040	27	0	88	2695	4935	0.546099
2041	27	0	92	2738	4944	0.553803
2042	27	0	96	2759	4917	0.561115
2043	27	0	100	2733	4885	0.559468
2044	27	0	104	2761	4857	0.568458
2045	27	0	108	2729	4843	0.563494
2046	27	5	-20	2295	4845	0.473684
2047	27	5	-16	2507	4870	0.514784
2048	27	5	-12	2581	4899	0.526842
2049	27	5	-8	2548	4891	0.520957
2050	27	5	-4	2632	4899	0.537253
2051	27	5	0	2674	4910	0.544603
2052	27	5	4	2614	4909	0.532491
2053	27	5	8	2583	4901	0.527035
2054	27	5	12	2600	4864	0.534539
2055	27	5	16	2620	4822	0.543343
2056	27	5	20	2528	4796	0.527106
2057	27	5	24	2450	4724	0.518628
2058	27	5	28	2400	4699	0.510747
2059	27	5	32	2429	4631	0.524509
2060	27	5	36	2428	4609	0.526795
2061	27	5	40	2353	4585	0.513195
2062	27	5	44	2380	4589	0.518632
2063	27	5	48	2430	4593	0.529066
2064	27	5	52	2477	4612	0.537077
2065	27	5	56	2440	4628	0.527226
2066	27	5	60	2431	4634	0.524601
2067	27	5	64	2439	4642	0.525420
2068	27	5	68	2435	4651	0.523543
2069	27	5	72	2401	4684	0.512596
2070	27	5	76	2389	4682	0.510252
2071	27	5	80	2460	4737	0.519316
2072	27	5	84	2463	4752	0.518308
2073	27	5	88	2486	4765	0.521721
2074	27	5	92	2552	4782	0.533668
2075	27	5	96	2518	4767	0.528215
2076	27	5	100	2512	4767	0.526956
2077	27	5	104	2543	4776	0.532454
2078	27	5	108	2595	4725	0.549206
2079	30	-5	-20	2191	4549	0.481644
2080	30	-5	-16	2312	4576	0.505245
2081	30	-5	-12	2386	4575	0.521530
2082	30	-5	-8	2406	4619	0.520892
2083	30	-5	-4	2393	4616	0.518414
2084	30	-5	0	2464	4608	0.534722
2085	30	-5	4	2451	4582	0.534919
2086	30	-5	8	2296	4558	0.503730
2087	30	-5	12	2225	4554	0.488581
2088	30	-5	16	2254	4532	0.497352
2089	30	-5	20	2269	4488	0.505570
2090	30	-5	24	2222	4469	0.497203
2091	30	-5	28	2202	4439	0.496058
2092	30	-5	32	2191	4403	0.497615
2093	30	-5	36	2241	4352	0.514936
2094	30	-5	40	2319	4335	0.534948
2095	30	-5	44	2338	4325	0.540578
2096	30	-5	48	2274	4337	0.524326
2097	30	-5	52	2204	4342	0.507600
2098	30	-5	56	2226	4352	0.511489
2099	30	-5	60	2289	4358	0.525241
2100	30	-5	64	2360	4401	0.536242
2101	30	-5	68	2445	4432	0.551670
2102	30	-5	72	2412	4450	0.542022
2103	30	-5	76	2432	4484	0.542373
2104	30	-5	80	2511	4527	0.554672
2105	30	-5	84	2556	4527	0.564612
2106	30	-5	88	2517	4538	0.554650
2107	30	-5	92	2438	4540	0.537004
2108	30	-5	96	2461	4546	0.541355
2109	30	-5	100	2493	4517	0.551915
2110	30	-5	104	2524	4505	0.560266
2111	30	-5	108	2551	4502	0.566637
2112	30	0	-20	2320	4532	0.511915
2113	30	0	-16	2351	4562	0.515344
2114	30	0	-12	2426	4597	0.527735
2115	30	0	-8	2420	4613	0.524604
2116	30	0	-4	2455	4636	0.529551
2117	30	0	0	2450	4685	0.522946
2118	30	0	4	2430	4649	0.522693
2119	30	0	8	2492	4597	0.542093
2120	30	0	12	2397	4579	0.523477
2121	30	0	16	2257	4532	0.498014
2122	30	0	20	2191	4475	0.489609
2123	30	0	24	2122	4445	0.477390
2124	30	0	28	2107	4415	0.477237
2125	30	0	32	2140	4423	0.483835
2126	30	0	36	2110	4392	0.480419
2127	30	0	40	2029	4352	0.466222
2128	30	0	44	2050	4326	0.473879
2129	30	0	48	2107	4322	0.487506
2130	30	0	52	2161	4327	0.499422
2131	30	0	56	2195	4367	0.502633
2132	30	0	60	2183	4374	0.499086
2133	30	0	64	2249	4411	0.509862
2134	30	0	68	2358	4437	0.531440
2135	30	0	72	2391	4478	0.533944
2136	30	0	76	2438	4522	0.539142
2137	30	0	80	2446	4547	0.537937
2138	30	0	84	2503	4598	0.544367
2139	30	0	88	2532	4654	0.544048
2140	30	0	92	2547	4663	0.546215
2141	30	0	96	2531	4633	0.546298
2142	30	0	100	2504	4602	0.544111
2143	30	0	104	2526	4567	0.553098
2144	30	0	108	2545	4544	0.560079
2145	30	5	-20	2207	4526	0.487627
2146	30	5	-16	2381	4580	0.519869
2147	30	5	-12	2420	4567	0.529888
2148	30	5	-8	2371	4567	0.519159
2149	30	5	-4	2344	4565	0.513472
2150	30	5	0	2436	4596	0.530026
2151	30	5	4	2328	4603	0.505757
2152	30	5	8	2308	4576	0.504371
2153	30	5	12	2338	4537	0.515318
2154	30	5	16	2373	4512	0.525931
2155	30	5	20	2291	4455	0.514254
2156	30	5	24	2253	4429	0.508693
2157	30	5	28	2224	4383	0.507415
2158	30	5	32	2209	4328	0.510397
2159	30	5	36	2209	4314	0.512054
2160	30	5	40	2181	4303	0.506856
2161	30	5	44	2115	4281	0.494043
2162	30	5	48	2187	4281	0.510862
2163	30	5	52	2230	4289	0.519935
2164	30	5	56	2225	4309	0.516361
2165	30	5	60	2283	4346	0.525311
2166	30	5	64	2293	4382	0.523277
2167	30	5	68	2274	4380	0.519178
2168	30	5	72	2267	4419	0.513012
2169	30	5	76	2264	4434	0.510600
2170	30	5	80	2346	4472	0.524597
2171	30	5	84	2393	4499	0.531896
2172	30	5	88	2453	4514	0.543420
2173	30	5	92	2536	4539	0.558713
2174	30	5	96	2526	4523	0.558479
2175	30	5	100	2488	4531	0.549106
2176	30	5	104	2458	4496	0.546708
2177	30	5	108	2493	4475	0.557095
2178	33	-5	-20	1976	4292	0.460391
2179	33	-5	-16	2084	4326	0.481738
2180	33	-5	-12	2144	4337	0.494351
2181	33	-5	-8	2213	4346	0.509204
2182	33	-5	-4	2212	4323	0.511682
2183	33	-5	0	2215	4356	0.508494
2184	33	-5	4	2220	4342	0.511285
2185	33	-5	8	2165	4313	0.501971
2186	33	-5	12	2098	4298	0.488134
2187	33	-5	16	2098	4258	0.492720
2188	33	-5	20	2103	4235	0.496576
2189	33	-5	24	2101	4213	0.498695
2190	33	-5	28	2011	4171	0.482139
2191	33	-5	32	2017	4148	0.486258
2192	33	-5	36	2110	4141	0.509539
2193	33	-5	40	2162	4107	0.526418
2194	33	-5	44	2151	4079	0.527335
2195	33	-5	48	2164	4117	0.525625
2196	33	-5	52	2163	4143	0.522085
2197	33	-5	56	2203	4155	0.530205
2198	33	-5	60	2230	4164	0.535543
2199	33	-5	64	2295	4180	0.549043
2200	33	-5	68	2363	4174	0.566124
2201	33	-5	72	2311	4195	0.550894
2202	33	-5	76	2339	4230	0.552955
2203	33	-5	80	2415	4286	0.563462
2204	33	-5	84	2433	4278	0.568724
2205	33	-5	88	2422	4303	0.562863
2206	33	-5	92	2394	4300	0.556744
2207	33	-5	96	2423	4304	0.562965
2208	33	-5	100	2414	4297	0.561787
2209	33	-5	104	2436	4278	0.569425
2210	33	-5	108	2411	4266	0.565166
2211	33	0	-20	2213	4242	0.521688
2212	33	0	-16	2150	4261	0.504576
2213	33	0	-12	2133	4287	0.497551
2214	33	0	-8	2161	4287	0.504082
2215	33	0	-4	2142	4309	0.497099
2216	33	0	0	2097	4347	0.482402
2217	33	0	4	2125	4294	0.494877
2218	33	0	8	2185	4262	0.512670
2219	33	0	12	2189	4240	0.516274
2220	33	0	16	2125	4224	0.503078
2221	33	0	20	2105	4178	0.503830
2222	33	0	24	2026	4163	0.486668
2223	33	0	28	2007	4136	0.485251
2224	33	0	32	1995	4098	0.486823
2225	33	0	36	1898	4088	0.464286
2226	33	0	40	1866	4061	0.459493
2227	33	0	44	1906	4039	0.471899
2228	33	0	48	1973	4056	0.486440
2229	33	0	52	2041	4070	0.501474
2230	33	0	56	2043	4093	0.499145
2231	33	0	60	2054	4125	0.497939
2232	33	0	64	2131	4137	0.515108
2233	33	0	68	2203	4195	0.525149
2234	33	0	72	2302	4212	0.546534
2235	33	0	76	2330	4242	0.549269
2236	33	0	80	2353	4286	0.548997
2237	33	0	84	2444	4318	0.566003
2238	33	0	88	2461	4346	0.566268
2239	33	0	92	2436	4344	0.560773
2240	33	0	96	2370	4312	0.549629
2241	33	0	100	2379	4301	0.553127
2242	33	0	104	2347	4234	0.554322
2243	33	0	108	2426	4247	0.571227
2244	33	5	-20	2051	4267	0.480666
2245	33	5	-16	2178	4290	0.507692
2246	33	5	-12	2181	4294	0.507918
2247	33	5	-8	2141	4309	0.496867
2248	33	5	-4	2135	4316	0.494671
2249	33	5	0	2133	4300	0.496047
2250	33	5	4	2054	4280	0.479907
2251	33	5	8	2082	4277	0.486790
2252	33	5	12	2073	4237	0.489261
2253	33	5	16	2077	4204	0.494053
2254	33	5	20	2092	4151	0.503975
2255	33	5	24	2013	4100	0.490976
2256	33	5	28	2084	4110	0.507056
2257	33	5	32	2070	4074	0.508100
2258	33	5	36	2065	4060	0.508621
2259	33	5	40	1983	4044	0.490356
2260	33	5	44	1989	4024	0.494284
2261	33	5	48	2046	4037	0.506812
2262	33	5	52	2013	4036	0.498761
2263	33	5	56	2112	4072	0.518664
2264	33	5	60	2133	4096	0.520752
2265	33	5	64	2135	4110	0.519465
2266	33	5	68	2136	4124	0.517944
2267	33	5	72	2120	4178	0.507420
2268	33	5	76	2177	4178	0.521063
2269	33	5	80	2277	4227	0.538680
2270	33	5	84	2387	4244	0.562441
2271	33	5	88	2406	4255	0.565452
2272	33	5	92	2394	4247	0.563692
2273	33	5	96	2425	4250	0.570588
2274	33	5	100	2468	4246	0.581253
2275	33	5	104	2354	4198	0.560743
2276	33	5	108	2368	4178	0.566778
