0	-33	-5	-20	4635	9870	0.469605
1	-33	-5	-16	4618	9941	0.464541
2	-33	-5	-12	4683	10055	0.465738
3	-33	-5	-8	4811	10163	0.473384
4	-33	-5	-4	4940	10225	0.483130
5	-33	-5	0	5002	10302	0.485537
6	-33	-5	4	5028	10314	0.487493
7	-33	-5	8	5094	10357	0.491841
8	-33	-5	12	5126	10324	0.496513
9	-33	-5	16	5286	10361	0.510182
10	-33	-5	20	5445	10330	0.527106
11	-33	-5	24	5630	10283	0.547506
12	-33	-5	28	5745	10253	0.560324
13	-33	-5	32	5717	10178	0.561702
14	-33	-5	36	5816	10181	0.571260
15	-33	-5	40	5861	10182	0.575624
16	-33	-5	44	5780	10156	0.569122
17	-33	-5	48	5803	10246	0.566367
18	-33	-5	52	5791	10285	0.563053
19	-33	-5	56	5867	10347	0.567024
20	-33	-5	60	5980	10470	0.571156
21	-33	-5	64	5976	10546	0.566660
22	-33	-5	68	5974	10611	0.563001
23	-33	-5	72	5947	10702	0.555691
24	-33	-5	76	5913	10747	0.550200
25	-33	-5	80	5980	10795	0.553960
26	-33	-5	84	6062	10809	0.560829
27	-33	-5	88	5957	10808	0.551166
28	-33	-5	92	5908	10791	0.547493
29	-33	-5	96	5884	10717	0.549034
30	-33	-5	100	5815	10672	0.544884
31	-33	-5	104	5788	10626	0.544702
32	-33	-5	108	5762	10518	0.547823
33	-33	0	-20	4770	10162	0.469396
34	-33	0	-16	4830	10290	0.469388
35	-33	0	-12	4990	10442	0.477878
36	-33	0	-8	5207	10531	0.494445
37	-33	0	-4	5350	10642	0.502725
38	-33	0	0	5361	10742	0.499069
39	-33	0	4	5383	10754	0.500558
40	-33	0	8	5371	10697	0.502103
41	-33	0	12	5447	10655	0.511215
42	-33	0	16	5594	10630	0.526246
43	-33	0	20	5771	10575	0.545721
44	-33	0	24	5877	10526	0.558332
45	-33	0	28	5865	10460	0.560707
46	-33	0	32	5875	10441	0.562686
47	-33	0	36	5851	10407	0.562218
48	-33	0	40	5784	10343	0.559219
49	-33	0	44	5802	10351	0.560526
50	-33	0	48	5809	10375	0.559904
51	-33	0	52	5828	10444	0.558024
52	-33	0	56	5834	10491	0.556096
53	-33	0	60	5943	10576	0.561933
54	-33	0	64	5984	10664	0.561140
55	-33	0	68	5954	10747	0.554015
56	-33	0	72	5984	10823	0.552897
57	-33	0	76	6040	10868	0.555760
58	-33	0	80	5965	10945	0.544998
59	-33	0	84	5899	10977	0.537396
60	-33	0	88	5915	11051	0.535246
61	-33	0	92	5917	11019	0.536982
62	-33	0	96	5856	10918	0.536362
63	-33	0	100	5830	10829	0.538369
64	-33	0	104	5743	10735	0.534979
65	-33	0	108	5739	10636	0.539583
66	-33	5	-20	4588	9870	0.464843
67	-33	5	-16	4743	10017	0.473495
68	-33	5	-12	4949	10111	0.489467
69	-33	5	-8	5060	10181	0.497004
70	-33	5	-4	5185	10206	0.508034
71	-33	5	0	5242	10240	0.511914
72	-33	5	4	5267	10251	0.513804
73	-33	5	8	5387	10300	0.523010
74	-33	5	12	5466	10257	0.532904
75	-33	5	16	5561	10214	0.544449
76	-33	5	20	5659	10172	0.556331
77	-33	5	24	5680	10096	0.562599
78	-33	5	28	5705	10016	0.569589
79	-33	5	32	5658	9946	0.568872
80	-33	5	36	5486	9933	0.552300
81	-33	5	40	5494	9920	0.553831
82	-33	5	44	5482	9868	0.555533
83	-33	5	48	5594	9883	0.566022
84	-33	5	52	5622	9921	0.566677
85	-33	5	56	5686	9996	0.568828
86	-33	5	60	5677	10005	0.567416
87	-33	5	64	5622	10079	0.557793
88	-33	5	68	5554	10157	0.546815
89	-33	5	72	5570	10220	0.545010
90	-33	5	76	5485	10262	0.534496
91	-33	5	80	5552	10269	0.540656
92	-33	5	84	5663	10320	0.548740
93	-33	5	88	5620	10276	0.546905
94	-33	5	92	5611	10302	0.544652
95	-33	5	96	5674	10205	0.556002
96	-33	5	100	5764	10186	0.565875
97	-33	5	104	5753	10112	0.568928
98	-33	5	108	5780	10056	0.574781
99	-30	-5	-20	4715	10173	0.463482
100	-30	-5	-16	4707	10297	0.457123
101	-30	-5	-12	4725	10381	0.455158
102	-30	-5	-8	4843	10469	0.462604
103	-30	-5	-4	4910	10573	0.464390
104	-30	-5	0	4989	10646	0.468627
105	-30	-5	4	5058	10660	0.474484
106	-30	-5	8	5170	10711	0.482681
107	-30	-5	12	5261	10710	0.491223
108	-30	-5	16	5463	10668	0.512092
109	-30	-5	20	5570	10620	0.524482
110	-30	-5	24	5741	10564	0.543449
111	-30	-5	28	5797	10543	0.549843
112	-30	-5	32	5865	10499	0.558625
113	-30	-5	36	5888	10473	0.562208
114	-30	-5	40	5928	10453	0.567110
115	-30	-5	44	5924	10438	0.567542
116	-30	-5	48	5989	10467	0.572179
117	-30	-5	52	6037	10572	0.571037
118	-30	-5	56	6052	10677	0.566826
119	-30	-5	60	6046	10743	0.562785
120	-30	-5	64	6066	10870	0.558050
121	-30	-5	68	6139	10946	0.560844
122	-30	-5	72	6104	11043	0.552748
123	-30	-5	76	6089	11109	0.548114
124	-30	-5	80	6192	11151	0.555287
125	-30	-5	84	6243	11200	0.557411
126	-30	-5	88	6240	11157	0.559290
127	-30	-5	92	6225	11179	0.556848
128	-30	-5	96	6123	11103	0.551473
129	-30	-5	100	6149	11093	0.554314
130	-30	-5	104	6159	11016	0.559096
131	-30	-5	108	6140	10911	0.562735
132	-30	0	-20	5010	10477	0.478190
133	-30	0	-16	4990	10621	0.469824
134	-30	0	-12	5034	10718	0.469677
135	-30	0	-8	5219	10873	0.479996
136	-30	0	-4	5301	10995	0.482128
137	-30	0	0	5359	11108	0.482445
138	-30	0	4	5381	11077	0.485781
139	-30	0	8	5507	11060	0.497920
140	-30	0	12	5617	11009	0.510219
141	-30	0	16	5764	10935	0.527115
142	-30	0	20	5859	10920	0.536538
143	-30	0	24	5905	10910	0.541247
144	-30	0	28	5939	10801	0.549856
145	-30	0	32	5934	10730	0.553029
146	-30	0	36	5750	10711	0.536831
147	-30	0	40	5675	10660	0.532364
148	-30	0	44	5770	10676	0.540465
149	-30	0	48	5855	10698	0.547299
150	-30	0	52	6000	10760	0.557621
151	-30	0	56	6098	10844	0.562339
152	-30	0	60	6103	10938	0.557963
153	-30	0	64	6131	11034	0.555646
154	-30	0	68	6109	11134	0.548680
155	-30	0	72	6177	11198	0.551616
156	-30	0	76	6260	11265	0.555704
157	-30	0	80	6254	11342	0.551402
158	-30	0	84	6165	11410	0.540316
159	-30	0	88	6191	11445	0.540935
160	-30	0	92	6206	11421	0.543385
161	-30	0	96	6119	11337	0.539737
162	-30	0	100	6096	11246	0.542059
163	-30	0	104	6080	11152	0.545194
164	-30	0	108	5992	11007	0.544381
165	-30	5	-20	4757	10329	0.460548
166	-30	5	-16	4870	10449	0.466073
167	-30	5	-12	4950	10564	0.468573
168	-30	5	-8	5052	10623	0.475572
169	-30	5	-4	5165	10699	0.482755
170	-30	5	0	5206	10712	0.485997
171	-30	5	4	5351	10738	0.498324
172	-30	5	8	5558	10739	0.517553
173	-30	5	12	5593	10719	0.521784
174	-30	5	16	5733	10715	0.535044
175	-30	5	20	5836	10650	0.547981
176	-30	5	24	5861	10572	0.554389
177	-30	5	28	5857	10535	0.555956
178	-30	5	32	5712	10467	0.545715
179	-30	5	36	5686	10402	0.546626
180	-30	5	40	5688	10377	0.548135
181	-30	5	44	5716	10355	0.552004
182	-30	5	48	5762	10324	0.558117
183	-30	5	52	5793	10355	0.559440
184	-30	5	56	5809	10388	0.559203
185	-30	5	60	5813	10498	0.553725
186	-30	5	64	5822	10584	0.550076
187	-30	5	68	5854	10672	0.548538
188	-30	5	72	5849	10699	0.546687
189	-30	5	76	5837	10800	0.540463
190	-30	5	80	5880	10799	0.544495
191	-30	5	84	5974	10840	0.551107
192	-30	5	88	5937	10821	0.548655
193	-30	5	92	5931	10763	0.551055
194	-30	5	96	5927	10732	0.552274
195	-30	5	100	5982	10687	0.559745
196	-30	5	104	6009	10636	0.564968
197	-30	5	108	6009	10547	0.569735
198	-27	-5	-20	4828	10518	0.459023
199	-27	-5	-16	4836	10589	0.456700
200	-27	-5	-12	4916	10720	0.458582
201	-27	-5	-8	4915	10822	0.454167
202	-27	-5	-4	4961	10872	0.456310
203	-27	-5	0	5105	10953	0.466082
204	-27	-5	4	5243	10994	0.476896
205	-27	-5	8	5293	11018	0.480396
206	-27	-5	12	5447	11012	0.494642
207	-27	-5	16	5588	10990	0.508462
208	-27	-5	20	5738	10943	0.524353
209	-27	-5	24	5722	10868	0.526500
210	-27	-5	28	5814	10832	0.536743
211	-27	-5	32	5850	10746	0.544389
212	-27	-5	36	5855	10762	0.544044
213	-27	-5	40	5850	10735	0.544946
214	-27	-5	44	6002	10772	0.557185
215	-27	-5	48	6060	10816	0.560281
216	-27	-5	52	6094	10880	0.560110
217	-27	-5	56	6108	10951	0.557757
218	-27	-5	60	6130	11040	0.555254
219	-27	-5	64	6267	11173	0.560906
220	-27	-5	68	6285	11270	0.557675
221	-27	-5	72	6318	11395	0.554454
222	-27	-5	76	6294	11440	0.550175
223	-27	-5	80	6385	11512	0.554639
224	-27	-5	84	6437	11553	0.557171
225	-27	-5	88	6402	11530	0.555247
226	-27	-5	92	6451	11540	0.559012
227	-27	-5	96	6436	11486	0.560334
228	-27	-5	100	6455	11462	0.563165
229	-27	-5	104	6489	11403	0.569061
230	-27	-5	108	6511	11312	0.575583
231	-27	0	-20	5130	10823	0.473991
232	-27	0	-16	5161	10962	0.470808
233	-27	0	-12	5167	11110	0.465077
234	-27	0	-8	5265	11202	0.470005
235	-27	0	-4	5318	11352	0.468464
236	-27	0	0	5396	11486	0.469789
237	-27	0	4	5561	11452	0.485592
238	-27	0	8	5672	11405	0.497326
239	-27	0	12	5719	11369	0.503035
240	-27	0	16	5841	11310	0.516446
241	-27	0	20	5910	11277	0.524076
242	-27	0	24	5945	11212	0.530235
243	-27	0	28	5889	11131	0.529063
244	-27	0	32	5745	11066	0.519158
245	-27	0	36	5762	11029	0.522441
246	-27	0	40	5738	10943	0.524353
247	-27	0	44	5801	10959	0.529337
248	-27	0	48	6028	10988	0.548598
249	-27	0	52	6135	11054	0.555003
250	-27	0	56	6164	11101	0.555265
251	-27	0	60	6195	11254	0.550471
252	-27	0	64	6182	11344	0.544958
253	-27	0	68	6268	11463	0.546803
254	-27	0	72	6440	11565	0.556853
255	-27	0	76	6535	11667	0.560127
256	-27	0	80	6548	11728	0.558322
257	-27	0	84	6503	11778	0.552131
258	-27	0	88	6473	11817	0.547770
259	-27	0	92	6501	11777	0.552008
260	-27	0	96	6421	11707	0.548475
261	-27	0	100	6350	11614	0.546754
262	-27	0	104	6334	11506	0.550495
263	-27	0	108	6312	11404	0.553490
264	-27	5	-20	5063	10785	0.469448
265	-27	5	-16	5106	10917	0.467711
266	-27	5	-12	5111	11015	0.464004
267	-27	5	-8	5232	11112	0.470842
268	-27	5	-4	5297	11145	0.475280
269	-27	5	0	5398	11202	0.481878
270	-27	5	4	5580	11208	0.497859
271	-27	5	8	5681	11228	0.505967
272	-27	5	12	5804	11213	0.517613
273	-27	5	16	5886	11119	0.529364
274	-27	5	20	5931	11120	0.533363
275	-27	5	24	5872	11017	0.532994
276	-27	5	28	5743	10926	0.525627
277	-27	5	32	5746	10873	0.528465
278	-27	5	36	5815	10802	0.538326
279	-27	5	40	5798	10726	0.540556
280	-27	5	44	5832	10698	0.545149
281	-27	5	48	5903	10758	0.548708
282	-27	5	52	5941	10790	0.550602
283	-27	5	56	5943	10892	0.545630
284	-27	5	60	6025	10975	0.548975
285	-27	5	64	6121	11078	0.552537
286	-27	5	68	6084	11121	0.547073
287	-27	5	72	6153	11235	0.547664
288	-27	5	76	6193	11294	0.548344
289	-27	5	80	6280	11339	0.553841
290	-27	5	84	6278	11326	0.554300
291	-27	5	88	6232	11334	0.549850
292	-27	5	92	6230	11247	0.553925
293	-27	5	96	6236	11254	0.554114
294	-27	5	100	6189	11165	0.554322
295	-27	5	104	6204	11080	0.559928
296	-27	5	108	6181	11042	0.559772
297	-24	-5	-20	5015	10780	0.465213
298	-24	-5	-16	5016	10894	0.460437
299	-24	-5	-12	5000	11021	0.453679
300	-24	-5	-8	4963	11156	0.444873
301	-24	-5	-4	4997	11206	0.445922
302	-24	-5	0	5282	11308	0.467103
303	-24	-5	4	5356	11322	0.473061
304	-24	-5	8	5533	11334	0.488177
305	-24	-5	12	5632	11350	0.496211
306	-24	-5	16	5671	11285	0.502525
307	-24	-5	20	5678	11258	0.504352
308	-24	-5	24	5722	11157	0.512862
309	-24	-5	28	5757	11072	0.519960
310	-24	-5	32	5717	11021	0.518737
311	-24	-5	36	5785	11002	0.525813
312	-24	-5	40	5751	10934	0.525974
313	-24	-5	44	5825	10986	0.530220
314	-24	-5	48	5974	11007	0.542746
315	-24	-5	52	6024	11070	0.544173
316	-24	-5	56	5958	11161	0.533823
317	-24	-5	60	6079	11295	0.538203
318	-24	-5	64	6229	11436	0.544683
319	-24	-5	68	6335	11569	0.547584
320	-24	-5	72	6449	11726	0.549974
321	-24	-5	76	6402	11786	0.543187
322	-24	-5	80	6483	11831	0.547967
323	-24	-5	84	6595	11894	0.554481
324	-24	-5	88	6589	11894	0.553977
325	-24	-5	92	6683	11943	0.559575
326	-24	-5	96	6697	11874	0.564005
327	-24	-5	100	6755	11821	0.571441
328	-24	-5	104	6806	11743	0.579579
329	-24	-5	108	6822	11658	0.585178
330	-24	0	-20	5259	11161	0.471194
331	-24	0	-16	5306	11308	0.469225
332	-24	0	-12	5325	11455	0.464863
333	-24	0	-8	5270	11540	0.456672
334	-24	0	-4	5312	11674	0.455028
335	-24	0	0	5582	11831	0.471811
336	-24	0	4	5670	11777	0.481447
337	-24	0	8	5693	11718	0.485834
338	-24	0	12	5796	11713	0.494835
339	-24	0	16	5834	11661	0.500300
340	-24	0	20	5796	11570	0.500951
341	-24	0	24	5747	11487	0.500305
342	-24	0	28	5696	11394	0.499912
343	-24	0	32	5707	11311	0.504553
344	-24	0	36	5748	11289	0.509168
345	-24	0	40	5814	11280	0.515426
346	-24	0	44	5909	11197	0.527731
347	-24	0	48	6024	11273	0.534374
348	-24	0	52	6149	11358	0.541381
349	-24	0	56	6112	11398	0.536234
350	-24	0	60	6073	11540	0.526256
351	-24	0	64	6215	11651	0.533431
352	-24	0	68	6425	11775	0.545648
353	-24	0	72	6520	11882	0.548729
354	-24	0	76	6669	12002	0.555657
355	-24	0	80	6763	12116	0.558188
356	-24	0	84	6696	12165	0.550432
357	-24	0	88	6756	12228	0.552502
358	-24	0	92	6802	12215	0.556856
359	-24	0	96	6728	12099	0.556079
360	-24	0	100	6742	12003	0.561693
361	-24	0	104	6671	11887	0.561201
362	-24	0	108	6602	11776	0.560632
363	-24	5	-20	5301	11269	0.470406
364	-24	5	-16	5449	11376	0.478991
365	-24	5	-12	5473	11498	0.475996
366	-24	5	-8	5408	11558	0.467901
367	-24	5	-4	5400	11596	0.465678
368	-24	5	0	5625	11645	0.483040
369	-24	5	4	5701	11657	0.489062
370	-24	5	8	5707	11665	0.489241
371	-24	5	12	5868	11641	0.504080
372	-24	5	16	5902	11560	0.510554
373	-24	5	20	5901	11549	0.510953
374	-24	5	24	5850	11420	0.512259
375	-24	5	28	5897	11372	0.518554
376	-24	5	32	5830	11274	0.517119
377	-24	5	36	5946	11236	0.529192
378	-24	5	40	6015	11141	0.539898
379	-24	5	44	6045	11109	0.544153
380	-24	5	48	6030	11100	0.543243
381	-24	5	52	6045	11196	0.539925
382	-24	5	56	6115	11276	0.542302
383	-24	5	60	6204	11387	0.544832
384	-24	5	64	6364	11512	0.552814
385	-24	5	68	6370	11582	0.549991
386	-24	5	72	6436	11677	0.551169
387	-24	5	76	6496	11790	0.550975
388	-24	5	80	6562	11779	0.557093
389	-24	5	84	6572	11813	0.556336
390	-24	5	88	6463	11802	0.547619
391	-24	5	92	6470	11743	0.550967
392	-24	5	96	6483	11735	0.552450
393	-24	5	100	6499	11645	0.558094
394	-24	5	104	6440	11580	0.556131
395	-24	5	108	6389	11467	0.557164
396	-21	-5	-20	5208	11045	0.471526
397	-21	-5	-16	5324	11209	0.474975
398	-21	-5	-12	5290	11336	0.466655
399	-21	-5	-8	5240	11408	0.459327
400	-21	-5	-4	5283	11496	0.459551
401	-21	-5	0	5246	11561	0.453767
402	-21	-5	4	5423	11598	0.467581
403	-21	-5	8	5548	11616	0.477617
404	-21	-5	12	5619	11601	0.484355
405	-21	-5	16	5601	11579	0.483721
406	-21	-5	20	5624	11514	0.488449
407	-21	-5	24	5541	11370	0.487335
408	-21	-5	28	5553	11294	0.491677
409	-21	-5	32	5519	11206	0.492504
410	-21	-5	36	5584	11167	0.500045
411	-21	-5	40	5648	11093	0.509150
412	-21	-5	44	5810	11112	0.522858
413	-21	-5	48	5907	11173	0.528685
414	-21	-5	52	5933	11312	0.524487
415	-21	-5	56	5990	11400	0.525439
416	-21	-5	60	5969	11506	0.518773
417	-21	-5	64	6152	11708	0.525453
418	-21	-5	68	6240	11828	0.527562
419	-21	-5	72	6391	11986	0.533205
420	-21	-5	76	6483	12108	0.535431
421	-21	-5	80	6621	12180	0.543596
422	-21	-5	84	6723	12237	0.549399
423	-21	-5	88	6702	12253	0.546968
424	-21	-5	92	6850	12266	0.558454
425	-21	-5	96	6918	12248	0.564827
426	-21	-5	100	6984	12194	0.572741
427	-21	-5	104	7008	12084	0.579940
428	-21	-5	108	7025	12015	0.584686
429	-21	0	-20	5509	11451	0.481093
430	-21	0	-16	5538	11621	0.476551
431	-21	0	-12	5606	11769	0.476336
432	-21	0	-8	5539	11886	0.466010
433	-21	0	-4	5549	12047	0.460613
434	-21	0	0	5619	12116	0.463767
435	-21	0	4	5660	12098	0.467846
436	-21	0	8	5677	12023	0.472178
437	-21	0	12	5763	12008	0.479930
438	-21	0	16	5796	11928	0.485915
439	-21	0	20	5796	11876	0.488043
440	-21	0	24	5731	11765	0.487123
441	-21	0	28	5717	11663	0.490183
442	-21	0	32	5715	11543	0.495105
443	-21	0	36	5863	11577	0.506435
444	-21	0	40	5905	11447	0.515856
445	-21	0	44	5972	11425	0.522713
446	-21	0	48	5999	11430	0.524847
447	-21	0	52	6002	11553	0.519519
448	-21	0	56	6052	11672	0.518506
449	-21	0	60	6114	11801	0.518092
450	-21	0	64	6239	11953	0.521961
451	-21	0	68	6425	12105	0.530772
452	-21	0	72	6585	12247	0.537683
453	-21	0	76	6791	12385	0.548325
454	-21	0	80	6903	12474	0.553391
455	-21	0	84	6880	12571	0.547291
456	-21	0	88	6970	12643	0.551293
457	-21	0	92	7054	12577	0.560865
458	-21	0	96	7014	12528	0.559866
459	-21	0	100	7066	12431	0.568418
460	-21	0	104	7002	12316	0.568529
461	-21	0	108	6871	12150	0.565514
462	-21	5	-20	5611	11602	0.483624
463	-21	5	-16	5711	11756	0.485794
464	-21	5	-12	5755	11881	0.484387
465	-21	5	-8	5736	11986	0.478558
466	-21	5	-4	5663	12017	0.471249
467	-21	5	0	5780	12023	0.480745
468	-21	5	4	5823	12064	0.482676
469	-21	5	8	5995	12090	0.495864
470	-21	5	12	6039	12046	0.501328
471	-21	5	16	6108	12004	0.508830
472	-21	5	20	6064	11936	0.508043
473	-21	5	24	6078	11842	0.513258
474	-21	5	28	6085	11732	0.518667
475	-21	5	32	6061	11642	0.520615
476	-21	5	36	6154	11560	0.532353
477	-21	5	40	6192	11489	0.538950
478	-21	5	44	6247	11435	0.546305
479	-21	5	48	6198	11471	0.540319
480	-21	5	52	6281	11569	0.542916
481	-21	5	56	6259	11607	0.539244
482	-21	5	60	6469	11753	0.550413
483	-21	5	64	6636	11888	0.558210
484	-21	5	68	6685	12034	0.555509
485	-21	5	72	6650	12120	0.548680
486	-21	5	76	6748	12193	0.553432
487	-21	5	80	6714	12272	0.547099
488	-21	5	84	6673	12265	0.544068
489	-21	5	88	6617	12210	0.541933
490	-21	5	92	6610	12161	0.543541
491	-21	5	96	6696	12153	0.550975
492	-21	5	100	6692	12073	0.554295
493	-21	5	104	6679	11979	0.557559
494	-21	5	108	6563	11877	0.552581
495	-18	-5	-20	5756	11337	0.507718
496	-18	-5	-16	5708	11426	0.499562
497	-18	-5	-12	5757	11601	0.496250
498	-18	-5	-8	5877	11709	0.501922
499	-18	-5	-4	5825	11800	0.493644
500	-18	-5	0	5665	11824	0.479110
501	-18	-5	4	5726	11872	0.482311
502	-18	-5	8	5760	11854	0.485912
503	-18	-5	12	5692	11852	0.480256
504	-18	-5	16	5640	11793	0.478250
505	-18	-5	20	5543	11717	0.473073
506	-18	-5	24	5423	11529	0.470379
507	-18	-5	28	5424	11453	0.473588
508	-18	-5	32	5445	11374	0.478723
509	-18	-5	36	5536	11261	0.491608
510	-18	-5	40	5667	11228	0.504720
511	-18	-5	44	5788	11225	0.515635
512	-18	-5	48	5768	11246	0.512893
513	-18	-5	52	5841	11350	0.514626
514	-18	-5	56	5877	11480	0.511934
515	-18	-5	60	5954	11679	0.509804
516	-18	-5	64	6101	11879	0.513595
517	-18	-5	68	6268	12045	0.520382
518	-18	-5	72	6466	12205	0.529783
519	-18	-5	76	6558	12340	0.531442
520	-18	-5	80	6663	12444	0.535439
521	-18	-5	84	6745	12528	0.538394
522	-18	-5	88	6794	12538	0.541873
523	-18	-5	92	6864	12536	0.547543
524	-18	-5	96	6956	12552	0.554175
525	-18	-5	100	7079	12498	0.566411
526	-18	-5	104	7112	12438	0.571796
527	-18	-5	108	7138	12358	0.577602
528	-18	0	-20	5916	11754	0.503318
529	-18	0	-16	5976	11909	0.501805
530	-18	0	-12	6012	12090	0.497270
531	-18	0	-8	6164	12229	0.504048
532	-18	0	-4	6263	12338	0.507619
533	-18	0	0	6133	12433	0.493284
534	-18	0	4	6076	12389	0.490435
535	-18	0	8	6056	12345	0.490563
536	-18	0	12	5993	12302	0.487157
537	-18	0	16	5954	12180	0.488834
538	-18	0	20	5897	12113	0.486832
539	-18	0	24	5921	11974	0.494488
540	-18	0	28	5948	11872	0.501011
541	-18	0	32	5919	11729	0.504647
542	-18	0	36	6024	11673	0.516063
543	-18	0	40	6096	11602	0.525427
544	-18	0	44	6011	11555	0.520208
545	-18	0	48	5986	11550	0.518268
546	-18	0	52	5995	11697	0.512525
547	-18	0	56	6072	11847	0.512535
548	-18	0	60	6193	11978	0.517031
549	-18	0	64	6420	12188	0.526748
550	-18	0	68	6509	12408	0.524581
551	-18	0	72	6723	12528	0.536638
552	-18	0	76	6911	12732	0.542806
553	-18	0	80	7007	12842	0.545632
554	-18	0	84	7006	12950	0.541004
555	-18	0	88	7165	12997	0.551281
556	-18	0	92	7187	12954	0.554809
557	-18	0	96	7188	12865	0.558725
558	-18	0	100	7140	12789	0.558292
559	-18	0	104	7148	12658	0.564702
560	-18	0	108	7057	12535	0.562984
561	-18	5	-20	5847	11914	0.490767
562	-18	5	-16	6063	12127	0.499959
563	-18	5	-12	6152	12226	0.503190
564	-18	5	-8	6208	12309	0.504346
565	-18	5	-4	6329	12357	0.512179
566	-18	5	0	6356	12462	0.510030
567	-18	5	4	6349	12471	0.509101
568	-18	5	8	6455	12466	0.517808
569	-18	5	12	6447	12417	0.519208
570	-18	5	16	6304	12290	0.512937
571	-18	5	20	6294	12266	0.513126
572	-18	5	24	6317	12112	0.521549
573	-18	5	28	6323	12106	0.522303
574	-18	5	32	6304	11935	0.528194
575	-18	5	36	6321	11842	0.533778
576	-18	5	40	6404	11747	0.545160
577	-18	5	44	6307	11704	0.538876
578	-18	5	48	6267	11729	0.534317
579	-18	5	52	6338	11805	0.536891
580	-18	5	56	6438	11938	0.539286
581	-18	5	60	6582	12085	0.544642
582	-18	5	64	6712	12194	0.550435
583	-18	5	68	6817	12360	0.551537
584	-18	5	72	6868	12489	0.549924
585	-18	5	76	6980	12602	0.553880
586	-18	5	80	6875	12637	0.544037
587	-18	5	84	6943	12650	0.548854
588	-18	5	88	6887	12637	0.544987
589	-18	5	92	6826	12596	0.541918
590	-18	5	96	6861	12545	0.546911
591	-18	5	100	6825	12416	0.549694
592	-18	5	104	6701	12342	0.542943
593	-18	5	108	6623	12220	0.541980
594	-15	-5	-20	6028	11526	0.522991
595	-15	-5	-16	6059	11692	0.518218
596	-15	-5	-12	6103	11839	0.515500
597	-15	-5	-8	6255	11953	0.523300
598	-15	-5	-4	6325	12008	0.526732
599	-15	-5	0	6293	12062	0.521721
600	-15	-5	4	6216	12114	0.513125
601	-15	-5	8	6086	12072	0.504142
602	-15	-5	12	6033	12084	0.499255
603	-15	-5	16	5893	11995	0.491288
604	-15	-5	20	5737	11847	0.484258
605	-15	-5	24	5671	11708	0.484370
606	-15	-5	28	5579	11592	0.481280
607	-15	-5	32	5582	11448	0.487596
608	-15	-5	36	5623	11271	0.498891
609	-15	-5	40	5713	11247	0.507958
610	-15	-5	44	5816	11242	0.517346
611	-15	-5	48	5831	11326	0.514833
612	-15	-5	52	5787	11430	0.506299
613	-15	-5	56	5845	11574	0.505011
614	-15	-5	60	5928	11816	0.501693
615	-15	-5	64	6122	12006	0.509912
616	-15	-5	68	6310	12198	0.517298
617	-15	-5	72	6553	12408	0.528127
618	-15	-5	76	6686	12576	0.531648
619	-15	-5	80	6829	12721	0.536829
620	-15	-5	84	6887	12794	0.538299
621	-15	-5	88	6911	12805	0.539711
622	-15	-5	92	6907	12850	0.537510
623	-15	-5	96	6959	12848	0.541641
624	-15	-5	100	7021	12788	0.549030
625	-15	-5	104	7124	12738	0.559271
626	-15	-5	108	7149	12641	0.565541
627	-15	0	-20	6253	11970	0.522389
628	-15	0	-16	6347	12206	0.519990
629	-15	0	-12	6338	12357	0.512908
630	-15	0	-8	6594	12483	0.528238
631	-15	0	-4	6744	12591	0.535621
632	-15	0	0	6818	12698	0.536935
633	-15	0	4	6650	12630	0.526524
634	-15	0	8	6586	12587	0.523238
635	-15	0	12	6470	12546	0.515702
636	-15	0	16	6351	12430	0.510941
637	-15	0	20	6269	12292	0.510007
638	-15	0	24	6235	12204	0.510898
639	-15	0	28	6163	11997	0.513712
640	-15	0	32	6139	11842	0.518409
641	-15	0	36	6141	11714	0.524244
642	-15	0	40	6192	11657	0.531183
643	-15	0	44	6106	11640	0.524570
644	-15	0	48	6007	11678	0.514386
645	-15	0	52	6067	11807	0.513848
646	-15	0	56	6146	11940	0.514740
647	-15	0	60	6250	12117	0.515804
648	-15	0	64	6467	12327	0.524621
649	-15	0	68	6633	12539	0.528990
650	-15	0	72	6838	12791	0.534595
651	-15	0	76	7028	12977	0.541574
652	-15	0	80	7087	13122	0.540085
653	-15	0	84	7131	13259	0.537823
654	-15	0	88	7287	13352	0.545761
655	-15	0	92	7379	13351	0.552693
656	-15	0	96	7302	13268	0.550347
657	-15	0	100	7196	13143	0.547516
658	-15	0	104	7219	13030	0.554029
659	-15	0	108	7130	12867	0.554131
660	-15	5	-20	6287	12203	0.515201
661	-15	5	-16	6344	12401	0.511572
662	-15	5	-12	6402	12551	0.510079
663	-15	5	-8	6689	12603	0.530747
664	-15	5	-4	6886	12676	0.543231
665	-15	5	0	6890	12722	0.541582
666	-15	5	4	6891	12746	0.540640
667	-15	5	8	6849	12720	0.538443
668	-15	5	12	6750	12652	0.533512
669	-15	5	16	6603	12568	0.525382
670	-15	5	20	6524	12492	0.522254
671	-15	5	24	6402	12332	0.519137
672	-15	5	28	6456	12253	0.526891
673	-15	5	32	6538	12100	0.540331
674	-15	5	36	6527	11956	0.545918
675	-15	5	40	6493	11879	0.546595
676	-15	5	44	6365	11829	0.538084
677	-15	5	48	6372	11885	0.536138
678	-15	5	52	6292	11939	0.527012
679	-15	5	56	6432	12055	0.533555
680	-15	5	60	6638	12253	0.541745
681	-15	5	64	6822	12420	0.549275
682	-15	5	68	6934	12566	0.551806
683	-15	5	72	7064	12693	0.556527
684	-15	5	76	7083	12850	0.551206
685	-15	5	80	7088	12923	0.548479
686	-15	5	84	7080	12950	0.546718
687	-15	5	88	6991	12920	0.541099
688	-15	5	92	6977	12856	0.542704
689	-15	5	96	7002	12826	0.545922
690	-15	5	100	6984	12736	0.548367
691	-15	5	104	6811	12582	0.541329
692	-15	5	108	6745	12469	0.540942
693	-12	-5	-20	6022	11727	0.513516
694	-12	-5	-16	6149	11901	0.516679
695	-12	-5	-12	6376	12039	0.529612
696	-12	-5	-8	6418	12153	0.528100
697	-12	-5	-4	6567	12228	0.537046
698	-12	-5	0	6578	12262	0.536454
699	-12	-5	4	6546	12285	0.532845
700	-12	-5	8	6410	12257	0.522966
701	-12	-5	12	6217	12205	0.509381
702	-12	-5	16	6097	12133	0.502514
703	-12	-5	20	6015	11990	0.501668
704	-12	-5	24	5912	11815	0.500381
705	-12	-5	28	5837	11639	0.501504
706	-12	-5	32	5769	11432	0.504636
707	-12	-5	36	5746	11292	0.508856
708	-12	-5	40	5866	11297	0.519253
709	-12	-5	44	5868	11281	0.520167
710	-12	-5	48	5832	11315	0.515422
711	-12	-5	52	5806	11481	0.505705
712	-12	-5	56	5903	11633	0.507436
713	-12	-5	60	5978	11862	0.503962
714	-12	-5	64	6162	12126	0.508164
715	-12	-5	68	6477	12367	0.523733
716	-12	-5	72	6687	12530	0.533679
717	-12	-5	76	6765	12682	0.533433
718	-12	-5	80	6854	12794	0.535720
719	-12	-5	84	6890	12878	0.535021
720	-12	-5	88	6856	12950	0.529421
721	-12	-5	92	6853	13030	0.525940
722	-12	-5	96	6923	12984	0.533195
723	-12	-5	100	6960	12964	0.536871
724	-12	-5	104	7028	12914	0.544216
725	-12	-5	108	7108	12858	0.552808
726	-12	0	-20	6283	12229	0.513779
727	-12	0	-16	6524	12448	0.524100
728	-12	0	-12	6684	12592	0.530813
729	-12	0	-8	6777	12736	0.532114
730	-12	0	-4	6937	12829	0.540728
731	-12	0	0	7057	12896	0.547224
732	-12	0	4	7011	12863	0.545052
733	-12	0	8	6879	12816	0.536751
734	-12	0	12	6735	12705	0.530106
735	-12	0	16	6585	12595	0.522827
736	-12	0	20	6449	12422	0.519160
737	-12	0	24	6352	12287	0.516969
738	-12	0	28	6401	12084	0.529709
739	-12	0	32	6325	11916	0.530799
740	-12	0	36	6323	11762	0.537579
741	-12	0	40	6207	11662	0.532241
742	-12	0	44	6143	11605	0.529341
743	-12	0	48	6006	11594	0.518027
744	-12	0	52	6094	11743	0.518947
745	-12	0	56	6171	11896	0.518746
746	-12	0	60	6296	12094	0.520589
747	-12	0	64	6548	12358	0.529859
748	-12	0	68	6695	12600	0.531349
749	-12	0	72	6872	12816	0.536205
750	-12	0	76	7052	13040	0.540798
751	-12	0	80	7145	13242	0.539571
752	-12	0	84	7166	13397	0.534896
753	-12	0	88	7277	13503	0.538917
754	-12	0	92	7327	13544	0.540978
755	-12	0	96	7318	13479	0.542919
756	-12	0	100	7274	13377	0.543769
757	-12	0	104	7257	13287	0.546173
758	-12	0	108	7178	13096	0.548106
759	-12	5	-20	6521	12444	0.524028
760	-12	5	-16	6629	12635	0.524654
761	-12	5	-12	6740	12750	0.528627
762	-12	5	-8	6877	12848	0.535258
763	-12	5	-4	6930	12894	0.537459
764	-12	5	0	6984	12918	0.540641
765	-12	5	4	6974	12959	0.538159
766	-12	5	8	6954	12955	0.536781
767	-12	5	12	6897	12889	0.535107
768	-12	5	16	6683	12753	0.524034
769	-12	5	20	6625	12659	0.523343
770	-12	5	24	6583	12543	0.524835
771	-12	5	28	6544	12352	0.529793
772	-12	5	32	6619	12131	0.545627
773	-12	5	36	6592	11950	0.551632
774	-12	5	40	6500	11838	0.549079
775	-12	5	44	6336	11756	0.538959
776	-12	5	48	6288	11799	0.532927
777	-12	5	52	6257	11897	0.525931
778	-12	5	56	6374	12015	0.530504
779	-12	5	60	6563	12221	0.537026
780	-12	5	64	6679	12380	0.539499
781	-12	5	68	6908	12600	0.548254
782	-12	5	72	7026	12779	0.549808
783	-12	5	76	7091	12922	0.548754
784	-12	5	80	7082	12976	0.545777
785	-12	5	84	7091	13063	0.542831
786	-12	5	88	7076	13059	0.541849
787	-12	5	92	7075	13008	0.543896
788	-12	5	96	7082	13032	0.543432
789	-12	5	100	7011	12956	0.541139
790	-12	5	104	6937	12827	0.540812
791	-12	5	108	6800	12667	0.536828
792	-9	-5	-20	5727	11857	0.483006
793	-9	-5	-16	6016	12046	0.499419
794	-9	-5	-12	6318	12227	0.516725
795	-9	-5	-8	6481	12313	0.526354
796	-9	-5	-4	6573	12379	0.530980
797	-9	-5	0	6589	12407	0.531071
798	-9	-5	4	6576	12421	0.529426
799	-9	-5	8	6506	12400	0.524677
800	-9	-5	12	6407	12317	0.520175
801	-9	-5	16	6224	12193	0.510457
802	-9	-5	20	6206	12047	0.515149
803	-9	-5	24	6039	11837	0.510180
804	-9	-5	28	5998	11625	0.515957
805	-9	-5	32	5964	11419	0.522287
806	-9	-5	36	5974	11336	0.526994
807	-9	-5	40	5908	11237	0.525763
808	-9	-5	44	5907	11201	0.527364
809	-9	-5	48	5880	11262	0.522110
810	-9	-5	52	5957	11366	0.524107
811	-9	-5	56	5983	11623	0.514755
812	-9	-5	60	6053	11804	0.512792
813	-9	-5	64	6298	12108	0.520152
814	-9	-5	68	6507	12314	0.528423
815	-9	-5	72	6699	12529	0.534680
816	-9	-5	76	6873	12709	0.540798
817	-9	-5	80	6930	12836	0.539888
818	-9	-5	84	6954	12977	0.535871
819	-9	-5	88	6867	13017	0.527541
820	-9	-5	92	6860	13077	0.524585
821	-9	-5	96	6935	13075	0.530402
822	-9	-5	100	7007	13063	0.536401
823	-9	-5	104	6916	12980	0.532820
824	-9	-5	108	6947	12892	0.538861
825	-9	0	-20	6212	12312	0.504548
826	-9	0	-16	6383	12560	0.508201
827	-9	0	-12	6673	12756	0.523126
828	-9	0	-8	6803	12888	0.527855
829	-9	0	-4	6884	12989	0.529987
830	-9	0	0	6966	13058	0.533466
831	-9	0	4	6968	13019	0.535218
832	-9	0	8	6867	12953	0.530147
833	-9	0	12	6875	12864	0.534437
834	-9	0	16	6742	12691	0.531243
835	-9	0	20	6610	12523	0.527829
836	-9	0	24	6556	12323	0.532013
837	-9	0	28	6409	12062	0.531338
838	-9	0	32	6379	11825	0.539450
839	-9	0	36	6377	11621	0.548748
840	-9	0	40	6228	11499	0.541612
841	-9	0	44	6142	11451	0.536372
842	-9	0	48	6107	11508	0.530674
843	-9	0	52	6019	11626	0.517719
844	-9	0	56	6129	11812	0.518879
845	-9	0	60	6338	12043	0.526281
846	-9	0	64	6504	12265	0.530289
847	-9	0	68	6812	12587	0.541193
848	-9	0	72	7000	12842	0.545086
849	-9	0	76	7158	13107	0.546120
850	-9	0	80	7215	13317	0.541789
851	-9	0	84	7220	13441	0.537162
852	-9	0	88	7354	13561	0.542290
853	-9	0	92	7334	13598	0.539344
854	-9	0	96	7335	13513	0.542811
855	-9	0	100	7243	13423	0.539596
856	-9	0	104	7182	13349	0.538018
857	-9	0	108	7183	13190	0.544579
858	-9	5	-20	6435	12569	0.511974
859	-9	5	-16	6594	12783	0.515841
860	-9	5	-12	6794	12942	0.524958
861	-9	5	-8	6880	13048	0.527284
862	-9	5	-4	6853	13083	0.523810
863	-9	5	0	6873	13126	0.523617
864	-9	5	4	6918	13103	0.527971
865	-9	5	8	6859	13089	0.524028
866	-9	5	12	6814	12990	0.524557
867	-9	5	16	6846	12820	0.534009
868	-9	5	20	6781	12655	0.535836
869	-9	5	24	6766	12494	0.541540
870	-9	5	28	6680	12254	0.545128
871	-9	5	32	6537	11982	0.545568
872	-9	5	36	6444	11798	0.546194
873	-9	5	40	6307	11689	0.539567
874	-9	5	44	6202	11650	0.532361
875	-9	5	48	6161	11685	0.527257
876	-9	5	52	6190	11825	0.523467
877	-9	5	56	6248	11945	0.523064
878	-9	5	60	6368	12119	0.525456
879	-9	5	64	6530	12302	0.530808
880	-9	5	68	6781	12503	0.542350
881	-9	5	72	7033	12766	0.550916
882	-9	5	76	7079	12923	0.547783
883	-9	5	80	7110	13075	0.543786
884	-9	5	84	7077	13138	0.538666
885	-9	5	88	7168	13160	0.544681
886	-9	5	92	7203	13164	0.547174
887	-9	5	96	7155	13130	0.544935
888	-9	5	100	7040	13067	0.538762
889	-9	5	104	6934	12996	0.533549
890	-9	5	108	6835	12815	0.533359
891	-6	-5	-20	5496	11891	0.462198
892	-6	-5	-16	5844	12103	0.482855
893	-6	-5	-12	6003	12285	0.488645
894	-6	-5	-8	6194	12398	0.499597
895	-6	-5	-4	6333	12476	0.507615
896	-6	-5	0	6426	12516	0.513423
897	-6	-5	4	6523	12491	0.522216
898	-6	-5	8	6483	12458	0.520389
899	-6	-5	12	6483	12381	0.523625
900	-6	-5	16	6485	12218	0.530774
901	-6	-5	20	6334	12036	0.526255
902	-6	-5	24	6206	11813	0.525353
903	-6	-5	28	6117	11571	0.528649
904	-6	-5	32	6115	11392	0.536780
905	-6	-5	36	6046	11191	0.540256
906	-6	-5	40	6078	11141	0.545552
907	-6	-5	44	5983	11084	0.539787
908	-6	-5	48	6019	11118	0.541374
909	-6	-5	52	6028	11284	0.534208
910	-6	-5	56	6026	11437	0.526886
911	-6	-5	60	6138	11685	0.525289
912	-6	-5	64	6261	11997	0.521880
913	-6	-5	68	6483	12234	0.529917
914	-6	-5	72	6733	12481	0.539460
915	-6	-5	76	6881	12675	0.542880
916	-6	-5	80	7045	12889	0.546590
917	-6	-5	84	7112	13008	0.546740
918	-6	-5	88	6969	13033	0.534720
919	-6	-5	92	6848	13084	0.523387
920	-6	-5	96	7030	13119	0.535864
921	-6	-5	100	7012	13031	0.538101
922	-6	-5	104	6876	12930	0.531787
923	-6	-5	108	6868	12829	0.535350
924	-6	0	-20	5820	12392	0.469658
925	-6	0	-16	6170	12666	0.487131
926	-6	0	-12	6394	12876	0.496583
927	-6	0	-8	6540	13021	0.502266
928	-6	0	-4	6714	13121	0.511699
929	-6	0	0	6795	13158	0.516416
930	-6	0	4	6799	13151	0.516995
931	-6	0	8	6838	13068	0.523263
932	-6	0	12	6731	12931	0.520532
933	-6	0	16	6878	12753	0.539324
934	-6	0	20	6765	12489	0.541677
935	-6	0	24	6648	12198	0.545007
936	-6	0	28	6566	11943	0.549778
937	-6	0	32	6402	11671	0.548539
938	-6	0	36	6298	11538	0.545849
939	-6	0	40	6144	11353	0.541179
940	-6	0	44	6146	11362	0.540926
941	-6	0	48	5989	11355	0.527433
942	-6	0	52	6005	11495	0.522401
943	-6	0	56	6136	11599	0.529011
944	-6	0	60	6347	11921	0.532422
945	-6	0	64	6580	12147	0.541698
946	-6	0	68	6882	12479	0.551486
947	-6	0	72	7073	12796	0.552751
948	-6	0	76	7264	13089	0.554970
949	-6	0	80	7441	13295	0.559684
950	-6	0	84	7380	13454	0.548536
951	-6	0	88	7410	13557	0.546581
952	-6	0	92	7409	13578	0.545662
953	-6	0	96	7310	13504	0.541321
954	-6	0	100	7208	13419	0.537149
955	-6	0	104	7096	13270	0.534740
956	-6	0	108	7007	13008	0.538669
957	-6	5	-20	6205	12619	0.491719
958	-6	5	-16	6296	12805	0.491683
959	-6	5	-12	6411	12958	0.494752
960	-6	5	-8	6555	13088	0.500840
961	-6	5	-4	6549	13135	0.498592
962	-6	5	0	6612	13193	0.501175
963	-6	5	4	6573	13125	0.500800
964	-6	5	8	6592	13081	0.503937
965	-6	5	12	6545	12992	0.503772
966	-6	5	16	6634	12807	0.517998
967	-6	5	20	6700	12592	0.532084
968	-6	5	24	6735	12378	0.544111
969	-6	5	28	6657	12114	0.549529
970	-6	5	32	6440	11831	0.544333
971	-6	5	36	6353	11684	0.543735
972	-6	5	40	6124	11503	0.532383
973	-6	5	44	5977	11504	0.519558
974	-6	5	48	5887	11495	0.512136
975	-6	5	52	5878	11623	0.505721
976	-6	5	56	5949	11755	0.506083
977	-6	5	60	6145	11997	0.512211
978	-6	5	64	6355	12146	0.523218
979	-6	5	68	6703	12429	0.539303
980	-6	5	72	6936	12704	0.545970
981	-6	5	76	7069	12863	0.549561
982	-6	5	80	7133	13008	0.548355
983	-6	5	84	7241	13107	0.552453
984	-6	5	88	7206	13147	0.548110
985	-6	5	92	7216	13153	0.548620
986	-6	5	96	7184	13173	0.545358
987	-6	5	100	7075	13077	0.541026
988	-6	5	104	7010	12984	0.539895
989	-6	5	108	7001	12842	0.545164
990	-3	-5	-20	5545	11856	0.467696
991	-3	-5	-16	5695	12105	0.470467
992	-3	-5	-12	5874	12310	0.477173
993	-3	-5	-8	6048	12452	0.485705
994	-3	-5	-4	6076	12507	0.485808
995	-3	-5	0	6184	12516	0.494088
996	-3	-5	4	6271	12513	0.501159
997	-3	-5	8	6312	12434	0.507640
998	-3	-5	12	6325	12309	0.513852
999	-3	-5	16	6347	12141	0.522774
1000	-3	-5	20	6458	11970	0.539515
1001	-3	-5	24	6403	11735	0.545633
1002	-3	-5	28	6266	11455	0.547010
1003	-3	-5	32	6133	11177	0.548716
1004	-3	-5	36	6106	11015	0.554335
1005	-3	-5	40	6088	10959	0.555525
1006	-3	-5	44	5967	10907	0.547080
1007	-3	-5	48	5916	10947	0.540422
1008	-3	-5	52	5995	11096	0.540285
1009	-3	-5	56	6077	11255	0.539938
1010	-3	-5	60	6168	11535	0.534720
1011	-3	-5	64	6277	11813	0.531364
1012	-3	-5	68	6442	12112	0.531869
1013	-3	-5	72	6696	12360	0.541748
1014	-3	-5	76	6881	12653	0.543824
1015	-3	-5	80	7011	12830	0.546454
1016	-3	-5	84	7111	12973	0.548138
1017	-3	-5	88	7003	13023	0.537741
1018	-3	-5	92	6868	13092	0.524595
1019	-3	-5	96	6926	13077	0.529632
1020	-3	-5	100	6961	13017	0.534762
1021	-3	-5	104	6837	12856	0.531814
1022	-3	-5	108	6795	12723	0.534072
1023	-3	0	-20	5790	12341	0.469168
1024	-3	0	-16	5939	12624	0.470453
1025	-3	0	-12	6137	12890	0.476106
1026	-3	0	-8	6354	13055	0.486710
1027	-3	0	-4	6488	13179	0.492298
1028	-3	0	0	6567	13185	0.498066
1029	-3	0	4	6563	13151	0.499050
1030	-3	0	8	6538	13052	0.500919
1031	-3	0	12	6573	12857	0.511239
1032	-3	0	16	6530	12619	0.517474
1033	-3	0	20	6618	12326	0.536914
1034	-3	0	24	6552	12022	0.545001
1035	-3	0	28	6351	11643	0.545478
1036	-3	0	32	6266	11479	0.545866
1037	-3	0	36	6170	11332	0.544476
1038	-3	0	40	6020	11200	0.537500
1039	-3	0	44	6034	11158	0.540778
1040	-3	0	48	5967	11198	0.532863
1041	-3	0	52	5993	11272	0.531671
1042	-3	0	56	6117	11496	0.532098
1043	-3	0	60	6272	11694	0.536343
1044	-3	0	64	6539	11962	0.546648
1045	-3	0	68	6880	12335	0.557762
1046	-3	0	72	7098	12637	0.561684
1047	-3	0	76	7246	12928	0.560489
1048	-3	0	80	7445	13202	0.563930
1049	-3	0	84	7418	13407	0.553293
1050	-3	0	88	7476	13504	0.553614
1051	-3	0	92	7447	13543	0.549878
1052	-3	0	96	7363	13483	0.546095
1053	-3	0	100	7257	13331	0.544370
1054	-3	0	104	7088	13153	0.538888
1055	-3	0	108	7012	12931	0.542263
1056	-3	5	-20	5919	12580	0.470509
1057	-3	5	-16	6004	12763	0.470422
1058	-3	5	-12	6102	12919	0.472328
1059	-3	5	-8	6264	13036	0.480515
1060	-3	5	-4	6358	13117	0.484714
1061	-3	5	0	6404	13128	0.487812
1062	-3	5	4	6308	13101	0.481490
1063	-3	5	8	6334	13087	0.483992
1064	-3	5	12	6381	12936	0.493275
1065	-3	5	16	6309	12685	0.497359
1066	-3	5	20	6457	12467	0.517927
1067	-3	5	24	6468	12157	0.532039
1068	-3	5	28	6378	11921	0.535022
1069	-3	5	32	6163	11651	0.528967
1070	-3	5	36	5941	11517	0.515846
1071	-3	5	40	5741	11337	0.506395
1072	-3	5	44	5603	11274	0.496984
1073	-3	5	48	5530	11261	0.491075
1074	-3	5	52	5488	11335	0.484164
1075	-3	5	56	5716	11533	0.495621
1076	-3	5	60	6000	11782	0.509251
1077	-3	5	64	6240	11965	0.521521
1078	-3	5	68	6531	12263	0.532578
1079	-3	5	72	6794	12494	0.543781
1080	-3	5	76	7037	12740	0.552355
1081	-3	5	80	7140	12924	0.552461
1082	-3	5	84	7271	13039	0.557635
1083	-3	5	88	7308	13105	0.557650
1084	-3	5	92	7283	13123	0.554980
1085	-3	5	96	7185	13115	0.547846
1086	-3	5	100	7123	13028	0.546745
1087	-3	5	104	7013	12942	0.541879
1088	-3	5	108	6971	12689	0.549373
1089	0	-5	-20	5603	11774	0.475879
1090	0	-5	-16	5792	12019	0.481904
1091	0	-5	-12	5904	12243	0.482235
1092	0	-5	-8	5943	12397	0.479390
1093	0	-5	-4	6042	12488	0.483824
1094	0	-5	0	6076	12514	0.485536
1095	0	-5	4	6118	12491	0.489793
1096	0	-5	8	6171	12404	0.497501
1097	0	-5	12	6235	12250	0.508980
1098	0	-5	16	6264	12040	0.520266
1099	0	-5	20	6354	11766	0.540031
1100	0	-5	24	6300	11504	0.547636
1101	0	-5	28	6221	11247	0.553125
1102	0	-5	32	6108	11027	0.553913
1103	0	-5	36	5989	10801	0.554486
1104	0	-5	40	5952	10741	0.554138
1105	0	-5	44	5997	10744	0.558172
1106	0	-5	48	5987	10759	0.556464
1107	0	-5	52	5907	10830	0.545429
1108	0	-5	56	5964	11007	0.541837
1109	0	-5	60	6085	11253	0.540745
1110	0	-5	64	6168	11561	0.533518
1111	0	-5	68	6386	11943	0.534707
1112	0	-5	72	6625	12229	0.541745
1113	0	-5	76	6767	12514	0.540754
1114	0	-5	80	6913	12737	0.542749
1115	0	-5	84	7056	12899	0.547019
1116	0	-5	88	6994	12961	0.539619
1117	0	-5	92	6921	12983	0.533082
1118	0	-5	96	6907	12984	0.531962
1119	0	-5	100	6894	12871	0.535623
1120	0	-5	104	6854	12752	0.537484
1121	0	-5	108	6703	12560	0.533678
1122	0	0	-20	5811	12153	0.478154
1123	0	0	-16	6033	12480	0.483413
1124	0	0	-12	6127	12697	0.482555
1125	0	0	-8	6274	12955	0.484292
1126	0	0	-4	6380	13109	0.486689
1127	0	0	0	6372	13156	0.484342
1128	0	0	4	6306	13090	0.481742
1129	0	0	8	6351	12927	0.491297
1130	0	0	12	6293	12641	0.497825
1131	0	0	16	6333	12427	0.509616
1132	0	0	20	6235	12070	0.516570
1133	0	0	24	6228	11787	0.528379
1134	0	0	28	5763	10941	0.526734
1135	0	0	32	5907	11227	0.526142
1136	0	0	36	5794	11114	0.521324
1137	0	0	40	5792	10953	0.528805
1138	0	0	44	5807	10967	0.529498
1139	0	0	48	5762	10952	0.526114
1140	0	0	52	5822	11048	0.526973
1141	0	0	56	5836	11219	0.520189
1142	0	0	60	6075	11464	0.529920
1143	0	0	64	6301	11583	0.543987
1144	0	0	68	6696	12075	0.554534
1145	0	0	72	6928	12392	0.559070
1146	0	0	76	7129	12706	0.561074
1147	0	0	80	7353	13022	0.564660
1148	0	0	84	7327	13260	0.552564
1149	0	0	88	7332	13394	0.547409
1150	0	0	92	7326	13428	0.545576
1151	0	0	96	7230	13344	0.541817
1152	0	0	100	7059	13164	0.536235
1153	0	0	104	6924	12894	0.536994
1154	0	0	108	6864	12658	0.542266
1155	0	5	-20	5888	12444	0.473160
1156	0	5	-16	6025	12715	0.473850
1157	0	5	-12	6152	12892	0.477195
1158	0	5	-8	6221	13031	0.477400
1159	0	5	-4	6295	13121	0.479765
1160	0	5	0	6214	13130	0.473267
1161	0	5	4	6262	13091	0.478344
1162	0	5	8	6283	12980	0.484052
1163	0	5	12	6285	12810	0.490632
1164	0	5	16	6276	12547	0.500199
1165	0	5	20	6188	12251	0.505102
1166	0	5	24	6055	11953	0.506567
1167	0	5	28	5872	11637	0.504597
1168	0	5	32	5672	11425	0.496455
1169	0	5	36	5453	11139	0.489541
1170	0	5	40	5264	11054	0.476208
1171	0	5	44	5121	11057	0.463146
1172	0	5	48	5172	11033	0.468775
1173	0	5	52	5238	11052	0.473941
1174	0	5	56	5493	11240	0.488701
1175	0	5	60	5840	11475	0.508932
1176	0	5	64	6169	11758	0.524664
1177	0	5	68	6460	12113	0.533311
1178	0	5	72	6619	12350	0.535951
1179	0	5	76	6897	12627	0.546211
1180	0	5	80	7021	12807	0.548216
1181	0	5	84	7152	12974	0.551256
1182	0	5	88	7154	13047	0.548325
1183	0	5	92	7161	13055	0.548525
1184	0	5	96	7094	13034	0.544269
1185	0	5	100	6952	12908	0.538581
1186	0	5	104	6842	12749	0.536670
1187	0	5	108	6779	12551	0.540116
1188	3	-5	-20	5595	11580	0.483161
1189	3	-5	-16	5705	11750	0.485532
1190	3	-5	-12	5743	11903	0.482483
1191	3	-5	-8	5826	12053	0.483365
1192	3	-5	-4	5832	12119	0.481228
1193	3	-5	0	5834	12120	0.481353
1194	3	-5	4	5903	12104	0.487690
1195	3	-5	8	5963	12084	0.493462
1196	3	-5	12	5991	11928	0.502264
1197	3	-5	16	6060	11760	0.515306
1198	3	-5	20	5983	11524	0.519177
1199	3	-5	24	5972	11282	0.529339
1200	3	-5	28	5875	11036	0.532349
1201	3	-5	32	5776	10790	0.535310
1202	3	-5	36	5816	10693	0.543907
1203	3	-5	40	5761	10545	0.546325
1204	3	-5	44	5791	10496	0.551734
1205	3	-5	48	5785	10542	0.548757
1206	3	-5	52	5767	10629	0.542572
1207	3	-5	56	5920	10851	0.545572
1208	3	-5	60	5968	11054	0.539895
1209	3	-5	64	6144	11330	0.542277
1210	3	-5	68	6252	11614	0.538316
1211	3	-5	72	6421	11870	0.540944
1212	3	-5	76	6584	12102	0.544042
1213	3	-5	80	6736	12338	0.545956
1214	3	-5	84	6903	12484	0.552948
1215	3	-5	88	6845	12568	0.544637
1216	3	-5	92	6811	12588	0.541071
1217	3	-5	96	6812	12614	0.540035
1218	3	-5	100	6770	12550	0.539442
1219	3	-5	104	6737	12418	0.542519
1220	3	-5	108	6565	12212	0.537586
1221	3	0	-20	5748	11984	0.479640
1222	3	0	-16	5950	12256	0.485477
1223	3	0	-12	6061	12474	0.485891
1224	3	0	-8	6106	12640	0.483070
1225	3	0	-4	6041	12721	0.474884
1226	3	0	0	6084	12769	0.476466
1227	3	0	4	6134	12710	0.482612
1228	3	0	8	6140	12574	0.488309
1229	3	0	12	6104	12379	0.493093
1230	3	0	16	6050	12126	0.498928
1231	3	0	20	5899	11840	0.498226
1232	3	0	24	5781	11567	0.499784
1233	3	0	28	5575	11207	0.497457
1234	3	0	32	5471	11036	0.495741
1235	3	0	36	5357	10855	0.493505
1236	3	0	40	5289	10743	0.492321
1237	3	0	44	5264	10702	0.491871
1238	3	0	48	5363	10723	0.500140
1239	3	0	52	5484	10809	0.507355
1240	3	0	56	5621	11013	0.510397
1241	3	0	60	5861	11197	0.523444
1242	3	0	64	6165	11484	0.536834
1243	3	0	68	6571	11834	0.555264
1244	3	0	72	6774	12129	0.558496
1245	3	0	76	7018	12436	0.564329
1246	3	0	80	7121	12680	0.561593
1247	3	0	84	7170	12855	0.557760
1248	3	0	88	7211	12943	0.557135
1249	3	0	92	7151	12945	0.552414
1250	3	0	96	7068	12914	0.547313
1251	3	0	100	6903	12773	0.540437
1252	3	0	104	6782	12582	0.539024
1253	3	0	108	6730	12366	0.544234
1254	3	5	-20	5883	12176	0.483164
1255	3	5	-16	6042	12411	0.486826
1256	3	5	-12	6110	12553	0.486736
1257	3	5	-8	6181	12708	0.486387
1258	3	5	-4	6193	12712	0.487177
1259	3	5	0	6211	12744	0.487367
1260	3	5	4	6160	12683	0.485690
1261	3	5	8	6234	12557	0.496456
1262	3	5	12	6254	12401	0.504314
1263	3	5	16	6071	12194	0.497868
1264	3	5	20	5863	11963	0.490094
1265	3	5	24	5691	11691	0.486785
1266	3	5	28	5505	11399	0.482937
1267	3	5	32	5363	11102	0.483066
1268	3	5	36	5133	10921	0.470012
1269	3	5	40	4939	10825	0.456259
1270	3	5	44	4799	10742	0.446751
1271	3	5	48	4831	10763	0.448853
1272	3	5	52	5031	10874	0.462663
1273	3	5	56	5299	11024	0.480679
1274	3	5	60	5737	11275	0.508825
1275	3	5	64	6002	11522	0.520917
1276	3	5	68	6172	11798	0.523140
1277	3	5	72	6415	12015	0.533916
1278	3	5	76	6648	12276	0.541544
1279	3	5	80	6779	12438	0.545023
1280	3	5	84	6882	12550	0.548367
1281	3	5	88	6899	12602	0.547453
1282	3	5	92	6911	12604	0.548318
1283	3	5	96	6796	12593	0.539665
1284	3	5	100	6704	12502	0.536234
1285	3	5	104	6663	12357	0.539209
1286	3	5	108	6672	12163	0.548549
1287	6	-5	-20	5570	11289	0.493401
1288	6	-5	-16	5601	11451	0.489128
1289	6	-5	-12	5670	11601	0.488751
1290	6	-5	-8	5712	11694	0.488456
1291	6	-5	-4	5748	11733	0.489900
1292	6	-5	0	5725	11764	0.486654
1293	6	-5	4	5739	11709	0.490136
1294	6	-5	8	5689	11648	0.488410
1295	6	-5	12	5746	11561	0.497016
1296	6	-5	16	5755	11406	0.504559
1297	6	-5	20	5665	11190	0.506256
1298	6	-5	24	5579	10962	0.508940
1299	6	-5	28	5456	10767	0.506734
1300	6	-5	32	5370	10537	0.509633
1301	6	-5	36	5301	10398	0.509810
1302	6	-5	40	5295	10269	0.515630
1303	6	-5	44	5343	10265	0.520507
1304	6	-5	48	5421	10278	0.527437
1305	6	-5	52	5494	10400	0.528269
1306	6	-5	56	5630	10575	0.532388
1307	6	-5	60	5837	10830	0.538966
1308	6	-5	64	6074	11040	0.550181
1309	6	-5	68	6307	11329	0.556713
1310	6	-5	72	6488	11576	0.560470
1311	6	-5	76	6596	11754	0.561171
1312	6	-5	80	6689	11903	0.561959
1313	6	-5	84	6790	12033	0.564282
1314	6	-5	88	6703	12100	0.553967
1315	6	-5	92	6686	12153	0.550152
1316	6	-5	96	6688	12185	0.548872
1317	6	-5	100	6669	12133	0.549658
1318	6	-5	104	6684	12037	0.555288
1319	6	-5	108	6478	11899	0.544415
1320	6	0	-20	5695	11723	0.485797
1321	6	0	-16	5781	11943	0.484049
1322	6	0	-12	5950	12113	0.491208
1323	6	0	-8	6030	12244	0.492486
1324	6	0	-4	5987	12305	0.486550
1325	6	0	0	5957	12345	0.482544
1326	6	0	4	6011	12273	0.489774
1327	6	0	8	5999	12165	0.493136
1328	6	0	12	6000	11998	0.500083
1329	6	0	16	5871	11775	0.498599
1330	6	0	20	5575	11538	0.483186
1331	6	0	24	5404	11283	0.478951
1332	6	0	28	5281	11014	0.479481
1333	6	0	32	5133	10719	0.478869
1334	6	0	36	5068	10635	0.476540
1335	6	0	40	4856	10465	0.464023
1336	6	0	44	4853	10424	0.465560
1337	6	0	48	4950	10440	0.474138
1338	6	0	52	5115	10579	0.483505
1339	6	0	56	5401	10707	0.504436
1340	6	0	60	5665	10981	0.515891
1341	6	0	64	6042	11220	0.538503
1342	6	0	68	6374	11533	0.552675
1343	6	0	72	6672	11807	0.565089
1344	6	0	76	6914	12064	0.573110
1345	6	0	80	6986	12269	0.569403
1346	6	0	84	7042	12407	0.567583
1347	6	0	88	7127	12497	0.570297
1348	6	0	92	7077	12487	0.566749
1349	6	0	96	6934	12461	0.556456
1350	6	0	100	6825	12387	0.550981
1351	6	0	104	6765	12244	0.552516
1352	6	0	108	6682	11992	0.557205
1353	6	5	-20	5722	11901	0.480800
1354	6	5	-16	5875	12078	0.486422
1355	6	5	-12	6070	12214	0.496971
1356	6	5	-8	6192	12291	0.503783
1357	6	5	-4	6155	12294	0.500651
1358	6	5	0	6191	12328	0.502190
1359	6	5	4	6242	12227	0.510510
1360	6	5	8	6273	12141	0.516679
1361	6	5	12	6167	12006	0.513660
1362	6	5	16	6015	11813	0.509185
1363	6	5	20	5783	11596	0.498706
1364	6	5	24	5569	11309	0.492440
1365	6	5	28	5415	11067	0.489292
1366	6	5	32	5202	10901	0.477204
1367	6	5	36	5004	10669	0.469022
1368	6	5	40	4915	10580	0.464556
1369	6	5	44	4698	10477	0.448411
1370	6	5	48	4683	10517	0.445279
1371	6	5	52	4824	10656	0.452703
1372	6	5	56	5085	10764	0.472408
1373	6	5	60	5482	10940	0.501097
1374	6	5	64	5831	11211	0.520114
1375	6	5	68	6071	11459	0.529802
1376	6	5	72	6252	11659	0.536238
1377	6	5	76	6489	11853	0.547456
1378	6	5	80	6647	12002	0.553824
1379	6	5	84	6775	12114	0.559270
1380	6	5	88	6816	12140	0.561450
1381	6	5	92	6805	12168	0.559254
1382	6	5	96	6722	12176	0.552070
1383	6	5	100	6663	12110	0.550206
1384	6	5	104	6636	11994	0.553277
1385	6	5	108	6688	11888	0.562584
1386	9	-5	-20	5218	10968	0.475748
1387	9	-5	-16	5349	11116	0.481198
1388	9	-5	-12	5508	11245	0.489818
1389	9	-5	-8	5535	11320	0.488958
1390	9	-5	-4	5590	11337	0.493076
1391	9	-5	0	5610	11314	0.495846
1392	9	-5	4	5576	11292	0.493801
1393	9	-5	8	5600	11263	0.497203
1394	9	-5	12	5536	11159	0.496102
1395	9	-5	16	5479	11033	0.496601
1396	9	-5	20	5312	10841	0.489992
1397	9	-5	24	5187	10663	0.486448
1398	9	-5	28	5138	10495	0.489566
1399	9	-5	32	5049	10273	0.491483
1400	9	-5	36	4916	10069	0.488231
1401	9	-5	40	4818	10008	0.481415
1402	9	-5	44	4827	9957	0.484785
1403	9	-5	48	5034	10012	0.502797
1404	9	-5	52	5179	10161	0.509694
1405	9	-5	56	5365	10304	0.520672
1406	9	-5	60	5619	10467	0.536830
1407	9	-5	64	5964	10717	0.556499
1408	9	-5	68	6267	10942	0.572747
1409	9	-5	72	6493	11201	0.579680
1410	9	-5	76	6544	11383	0.574892
1411	9	-5	80	6566	11528	0.569570
1412	9	-5	84	6598	11630	0.567326
1413	9	-5	88	6579	11666	0.563947
1414	9	-5	92	6593	11723	0.562399
1415	9	-5	96	6606	11735	0.562931
1416	9	-5	100	6503	11678	0.556859
1417	9	-5	104	6458	11625	0.555527
1418	9	-5	108	6291	11543	0.545006
1419	9	0	-20	5541	11372	0.487249
1420	9	0	-16	5664	11549	0.490432
1421	9	0	-12	5694	11705	0.486459
1422	9	0	-8	5789	11802	0.490510
1423	9	0	-4	5850	11884	0.492258
1424	9	0	0	5935	11877	0.499705
1425	9	0	4	5904	11806	0.500085
1426	9	0	8	5913	11702	0.505298
1427	9	0	12	5850	11566	0.505793
1428	9	0	16	5599	11356	0.493043
1429	9	0	20	5392	11125	0.484674
1430	9	0	24	5317	10915	0.487128
1431	9	0	28	5213	10696	0.487378
1432	9	0	32	4954	10464	0.473433
1433	9	0	36	4815	10300	0.467476
1434	9	0	40	4711	10176	0.462952
1435	9	0	44	4678	10164	0.460252
1436	9	0	48	4692	10189	0.460497
1437	9	0	52	4939	10262	0.481290
1438	9	0	56	5217	10471	0.498233
1439	9	0	60	5504	10668	0.515936
1440	9	0	64	5822	10883	0.534963
1441	9	0	68	6238	11225	0.555724
1442	9	0	72	6544	11443	0.571878
1443	9	0	76	6756	11635	0.580662
1444	9	0	80	6907	11815	0.584596
1445	9	0	84	6912	11910	0.580353
1446	9	0	88	6986	12016	0.581391
1447	9	0	92	6858	12027	0.570217
1448	9	0	96	6769	12008	0.563708
1449	9	0	100	6735	11915	0.565254
1450	9	0	104	6636	11781	0.563280
1451	9	0	108	6522	11627	0.560936
1452	9	5	-20	5617	11519	0.487629
1453	9	5	-16	5822	11688	0.498118
1454	9	5	-12	5927	11816	0.501608
1455	9	5	-8	5965	11848	0.503460
1456	9	5	-4	6051	11846	0.510805
1457	9	5	0	6081	11818	0.514554
1458	9	5	4	6142	11778	0.521481
1459	9	5	8	6035	11705	0.515592
1460	9	5	12	5947	11570	0.514002
1461	9	5	16	5792	11399	0.508115
1462	9	5	20	5678	11206	0.506693
1463	9	5	24	5527	10964	0.504104
1464	9	5	28	5340	10755	0.496513
1465	9	5	32	5188	10542	0.492127
1466	9	5	36	5014	10378	0.483137
1467	9	5	40	4825	10258	0.470365
1468	9	5	44	4709	10184	0.462392
1469	9	5	48	4709	10200	0.461667
1470	9	5	52	4830	10266	0.470485
1471	9	5	56	5008	10497	0.477089
1472	9	5	60	5320	10654	0.499343
1473	9	5	64	5577	10900	0.511651
1474	9	5	68	5824	11092	0.525063
1475	9	5	72	6042	11297	0.534832
1476	9	5	76	6280	11448	0.548567
1477	9	5	80	6543	11560	0.566003
1478	9	5	84	6678	11674	0.572040
1479	9	5	88	6692	11718	0.571087
1480	9	5	92	6648	11740	0.566269
1481	9	5	96	6537	11738	0.556909
1482	9	5	100	6560	11702	0.560588
1483	9	5	104	6547	11593	0.564737
1484	9	5	108	6534	11459	0.570207
1485	12	-5	-20	5034	10654	0.472499
1486	12	-5	-16	5078	10770	0.471495
1487	12	-5	-12	5146	10855	0.474067
1488	12	-5	-8	5233	10902	0.480004
1489	12	-5	-4	5293	10952	0.483291
1490	12	-5	0	5390	10901	0.494450
1491	12	-5	4	5436	10907	0.498396
1492	12	-5	8	5390	10851	0.496728
1493	12	-5	12	5273	10716	0.492068
1494	12	-5	16	5113	10580	0.483270
1495	12	-5	20	5100	10483	0.486502
1496	12	-5	24	4986	10333	0.482532
1497	12	-5	28	4867	10170	0.478564
1498	12	-5	32	4788	9976	0.479952
1499	12	-5	36	4688	9845	0.476181
1500	12	-5	40	4585	9730	0.471223
1501	12	-5	44	4613	9679	0.476599
1502	12	-5	48	4724	9736	0.485210
1503	12	-5	52	4990	9819	0.508198
1504	12	-5	56	5220	10003	0.521843
1505	12	-5	60	5537	10225	0.541516
1506	12	-5	64	5824	10374	0.561404
1507	12	-5	68	6146	10617	0.578883
1508	12	-5	72	6369	10828	0.588197
1509	12	-5	76	6400	10969	0.583462
1510	12	-5	80	6341	11101	0.571210
1511	12	-5	84	6359	11179	0.568834
1512	12	-5	88	6401	11240	0.569484
1513	12	-5	92	6373	11241	0.566942
1514	12	-5	96	6311	11314	0.557804
1515	12	-5	100	6203	11295	0.549181
1516	12	-5	104	6143	11201	0.548433
1517	12	-5	108	5977	11122	0.537403
1518	12	0	-20	5274	11039	0.477761
1519	12	0	-16	5401	11186	0.482836
1520	12	0	-12	5434	11281	0.481695
1521	12	0	-8	5449	11370	0.479244
1522	12	0	-4	5499	11401	0.482326
1523	12	0	0	5597	11428	0.489762
1524	12	0	4	5753	11360	0.506426
1525	12	0	8	5698	11263	0.505904
1526	12	0	12	5474	11127	0.491957
1527	12	0	16	5377	10944	0.491319
1528	12	0	20	5290	10767	0.491316
1529	12	0	24	5182	10581	0.489746
1530	12	0	28	5109	10345	0.493862
1531	12	0	32	4966	10140	0.489744
1532	12	0	36	4808	9990	0.481281
1533	12	0	40	4730	9852	0.480106
1534	12	0	44	4667	9843	0.474144
1535	12	0	48	4688	9879	0.474542
1536	12	0	52	4851	10031	0.483601
1537	12	0	56	5111	10151	0.503497
1538	12	0	60	5447	10333	0.527146
1539	12	0	64	5743	10609	0.541333
1540	12	0	68	6015	10797	0.557099
1541	12	0	72	6349	11018	0.576239
1542	12	0	76	6570	11213	0.585927
1543	12	0	80	6720	11330	0.593116
1544	12	0	84	6688	11438	0.584718
1545	12	0	88	6734	11552	0.582929
1546	12	0	92	6591	11575	0.569417
1547	12	0	96	6541	11527	0.567450
1548	12	0	100	6423	11449	0.561010
1549	12	0	104	6315	11384	0.554726
1550	12	0	108	6198	11192	0.553788
1551	12	5	-20	5340	11176	0.477810
1552	12	5	-16	5556	11286	0.492291
1553	12	5	-12	5620	11342	0.495503
1554	12	5	-8	5667	11424	0.496061
1555	12	5	-4	5629	11429	0.492519
1556	12	5	0	5678	11372	0.499297
1557	12	5	4	5798	11341	0.511242
1558	12	5	8	5706	11242	0.507561
1559	12	5	12	5665	11153	0.507935
1560	12	5	16	5670	11009	0.515033
1561	12	5	20	5578	10848	0.514196
1562	12	5	24	5402	10630	0.508184
1563	12	5	28	5237	10393	0.503897
1564	12	5	32	5047	10191	0.495241
1565	12	5	36	4893	10002	0.489202
1566	12	5	40	4832	9966	0.484848
1567	12	5	44	4747	9895	0.479737
1568	12	5	48	4800	9906	0.484555
1569	12	5	52	4937	10025	0.492469
1570	12	5	56	5065	10133	0.499852
1571	12	5	60	5245	10317	0.508384
1572	12	5	64	5486	10540	0.520493
1573	12	5	68	5664	10671	0.530784
1574	12	5	72	5932	10865	0.545973
1575	12	5	76	6117	10997	0.556243
1576	12	5	80	6316	11118	0.568088
1577	12	5	84	6463	11198	0.577157
1578	12	5	88	6436	11249	0.572140
1579	12	5	92	6419	11286	0.568758
1580	12	5	96	6376	11295	0.564498
1581	12	5	100	6364	11288	0.563785
1582	12	5	104	6374	11196	0.569310
1583	12	5	108	6378	11064	0.576464
1584	15	-5	-20	4839	10283	0.470583
1585	15	-5	-16	4897	10403	0.470730
1586	15	-5	-12	4925	10486	0.469674
1587	15	-5	-8	4992	10497	0.475564
1588	15	-5	-4	5091	10513	0.484258
1589	15	-5	0	5152	10502	0.490573
1590	15	-5	4	5158	10454	0.493400
1591	15	-5	8	5106	10386	0.491623
1592	15	-5	12	5087	10340	0.491973
1593	15	-5	16	4980	10207	0.487900
1594	15	-5	20	4919	10095	0.487271
1595	15	-5	24	4770	9896	0.482013
1596	15	-5	28	4779	9810	0.487156
1597	15	-5	32	4739	9661	0.490529
1598	15	-5	36	4648	9552	0.486600
1599	15	-5	40	4603	9439	0.487658
1600	15	-5	44	4567	9400	0.485851
1601	15	-5	48	4645	9454	0.491326
1602	15	-5	52	4840	9547	0.506966
1603	15	-5	56	5021	9655	0.520041
1604	15	-5	60	5255	9841	0.533990
1605	15	-5	64	5584	10040	0.556175
1606	15	-5	68	5903	10221	0.577536
1607	15	-5	72	6123	10420	0.587620
1608	15	-5	76	6155	10589	0.581264
1609	15	-5	80	6116	10686	0.572338
1610	15	-5	84	6060	10768	0.562779
1611	15	-5	88	6107	10805	0.565201
1612	15	-5	92	6080	10851	0.560317
1613	15	-5	96	5993	10882	0.550726
1614	15	-5	100	5928	10872	0.545254
1615	15	-5	104	5814	10793	0.538682
1616	15	-5	108	5722	10745	0.532527
1617	15	0	-20	4969	10645	0.466792
1618	15	0	-16	4958	10766	0.460524
1619	15	0	-12	5023	10857	0.462651
1620	15	0	-8	5170	10916	0.473617
1621	15	0	-4	5185	10949	0.473559
1622	15	0	0	5388	10993	0.490130
1623	15	0	4	5373	10893	0.493253
1624	15	0	8	5393	10805	0.499121
1625	15	0	12	5386	10651	0.505680
1626	15	0	16	5330	10509	0.507184
1627	15	0	20	5226	10334	0.505709
1628	15	0	24	5172	10175	0.508305
1629	15	0	28	5016	9993	0.501951
1630	15	0	32	4874	9798	0.497448
1631	15	0	36	4785	9684	0.494114
1632	15	0	40	4702	9585	0.490558
1633	15	0	44	4653	9546	0.487429
1634	15	0	48	4702	9587	0.490456
1635	15	0	52	4798	9687	0.495303
1636	15	0	56	5002	9858	0.507405
1637	15	0	60	5296	10006	0.529282
1638	15	0	64	5533	10190	0.542983
1639	15	0	68	5797	10427	0.555960
1640	15	0	72	6085	10593	0.574436
1641	15	0	76	6281	10749	0.584333
1642	15	0	80	6402	10878	0.588527
1643	15	0	84	6464	10986	0.588385
1644	15	0	88	6420	11087	0.579057
1645	15	0	92	6272	11120	0.564029
1646	15	0	96	6201	11070	0.560163
1647	15	0	100	6188	11010	0.562035
1648	15	0	104	5979	10903	0.548381
1649	15	0	108	5831	10788	0.540508
1650	15	5	-20	4918	10817	0.454655
1651	15	5	-16	5026	10877	0.462076
1652	15	5	-12	5059	10927	0.462982
1653	15	5	-8	5151	10961	0.469939
1654	15	5	-4	5271	10964	0.480755
1655	15	5	0	5336	10923	0.488510
1656	15	5	4	5355	10904	0.491104
1657	15	5	8	5406	10797	0.500695
1658	15	5	12	5465	10697	0.510891
1659	15	5	16	5438	10565	0.514718
1660	15	5	20	5360	10409	0.514939
1661	15	5	24	5254	10200	0.515098
1662	15	5	28	5028	10027	0.501446
1663	15	5	32	4952	9897	0.500354
1664	15	5	36	4784	9683	0.494062
1665	15	5	40	4745	9615	0.493500
1666	15	5	44	4701	9578	0.490812
1667	15	5	48	4802	9597	0.500365
1668	15	5	52	4926	9638	0.511102
1669	15	5	56	5025	9780	0.513804
1670	15	5	60	5113	9958	0.513457
1671	15	5	64	5275	10129	0.520782
1672	15	5	68	5467	10284	0.531602
1673	15	5	72	5717	10427	0.548288
1674	15	5	76	5862	10575	0.554326
1675	15	5	80	6076	10673	0.569287
1676	15	5	84	6187	10764	0.574786
1677	15	5	88	6138	10798	0.568439
1678	15	5	92	6155	10849	0.567333
1679	15	5	96	6138	10858	0.565297
1680	15	5	100	6141	10822	0.567455
1681	15	5	104	6175	10774	0.573139
1682	15	5	108	6090	10654	0.571616
1683	18	-5	-20	4663	9926	0.469776
1684	18	-5	-16	4667	10032	0.465211
1685	18	-5	-12	4661	10055	0.463550
1686	18	-5	-8	4762	10077	0.472561
1687	18	-5	-4	4853	10088	0.481067
1688	18	-5	0	4945	10073	0.490916
1689	18	-5	4	4978	10010	0.497303
1690	18	-5	8	4983	9977	0.499449
1691	18	-5	12	5006	9897	0.505810
1692	18	-5	16	4908	9765	0.502611
1693	18	-5	20	4843	9717	0.498405
1694	18	-5	24	4730	9529	0.496379
1695	18	-5	28	4745	9492	0.499895
1696	18	-5	32	4659	9335	0.499089
1697	18	-5	36	4600	9220	0.498915
1698	18	-5	40	4555	9165	0.496999
1699	18	-5	44	4495	9114	0.493197
1700	18	-5	48	4530	9124	0.496493
1701	18	-5	52	4608	9213	0.500163
1702	18	-5	56	4871	9360	0.520406
1703	18	-5	60	5104	9526	0.535797
1704	18	-5	64	5328	9670	0.550982
1705	18	-5	68	5679	9876	0.575030
1706	18	-5	72	5819	10010	0.581319
1707	18	-5	76	5883	10161	0.578978
1708	18	-5	80	5855	10249	0.571275
1709	18	-5	84	5821	10333	0.563341
1710	18	-5	88	5806	10377	0.559507
1711	18	-5	92	5768	10416	0.553763
1712	18	-5	96	5714	10440	0.547318
1713	18	-5	100	5584	10425	0.535635
1714	18	-5	104	5543	10362	0.534935
1715	18	-5	108	5427	10338	0.524956
1716	18	0	-20	4702	10260	0.458285
1717	18	0	-16	4734	10361	0.456906
1718	18	0	-12	4774	10430	0.457718
1719	18	0	-8	4789	10460	0.457839
1720	18	0	-4	4976	10516	0.473184
1721	18	0	0	5105	10538	0.484437
1722	18	0	4	5200	10436	0.498275
1723	18	0	8	5185	10339	0.501499
1724	18	0	12	5255	10203	0.515045
1725	18	0	16	5257	10040	0.523606
1726	18	0	20	5189	9910	0.523613
1727	18	0	24	5083	9753	0.521173
1728	18	0	28	4927	9601	0.513176
1729	18	0	32	4756	9467	0.502377
1730	18	0	36	4665	9340	0.499465
1731	18	0	40	4605	9262	0.497193
1732	18	0	44	4659	9211	0.505808
1733	18	0	48	4712	9258	0.508965
1734	18	0	52	4761	9354	0.508980
1735	18	0	56	4816	9502	0.506841
1736	18	0	60	4969	9604	0.517389
1737	18	0	64	5325	9785	0.544200
1738	18	0	68	5552	9984	0.556090
1739	18	0	72	5773	10138	0.569442
1740	18	0	76	5925	10269	0.576979
1741	18	0	80	6032	10414	0.579220
1742	18	0	84	6060	10501	0.577088
1743	18	0	88	6038	10625	0.568282
1744	18	0	92	5946	10646	0.558520
1745	18	0	96	5948	10606	0.560815
1746	18	0	100	5915	10553	0.560504
1747	18	0	104	5769	10483	0.550320
1748	18	0	108	5621	10360	0.542568
1749	18	5	-20	4575	10412	0.439397
1750	18	5	-16	4547	10421	0.436330
1751	18	5	-12	4686	10503	0.446158
1752	18	5	-8	4726	10519	0.449282
1753	18	5	-4	4807	10473	0.458990
1754	18	5	0	5010	10471	0.478464
1755	18	5	4	5110	10423	0.490262
1756	18	5	8	5147	10346	0.497487
1757	18	5	12	5160	10274	0.502239
1758	18	5	16	5170	10166	0.508558
1759	18	5	20	5092	9988	0.509812
1760	18	5	24	4965	9781	0.507617
1761	18	5	28	4900	9632	0.508721
1762	18	5	32	4760	9482	0.502004
1763	18	5	36	4670	9350	0.499465
1764	18	5	40	4669	9266	0.503885
1765	18	5	44	4755	9245	0.514332
1766	18	5	48	4795	9255	0.518098
1767	18	5	52	4845	9298	0.521080
1768	18	5	56	4907	9468	0.518272
1769	18	5	60	4923	9579	0.513937
1770	18	5	64	4989	9734	0.512533
1771	18	5	68	5175	9893	0.523097
1772	18	5	72	5423	10011	0.541704
1773	18	5	76	5635	10131	0.556214
1774	18	5	80	5764	10227	0.563606
1775	18	5	84	5875	10316	0.569504
1776	18	5	88	5873	10380	0.565800
1777	18	5	92	5862	10400	0.563654
1778	18	5	96	5937	10451	0.568080
1779	18	5	100	5916	10414	0.568081
1780	18	5	104	5955	10381	0.573644
1781	18	5	108	5850	10279	0.569122
1782	21	-5	-20	4513	9547	0.472714
1783	21	-5	-16	4524	9597	0.471397
1784	21	-5	-12	4515	9650	0.467876
1785	21	-5	-8	4512	9677	0.466260
1786	21	-5	-4	4605	9677	0.475871
1787	21	-5	0	4649	9637	0.482412
1788	21	-5	4	4780	9590	0.498436
1789	21	-5	8	4920	9567	0.514268
1790	21	-5	12	4990	9496	0.525484
1791	21	-5	16	5012	9415	0.532342
1792	21	-5	20	4868	9282	0.524456
1793	21	-5	24	4754	9173	0.518260
1794	21	-5	28	4518	9060	0.498675
1795	21	-5	32	4506	8955	0.503183
1796	21	-5	36	4427	8878	0.498648
1797	21	-5	40	4456	8801	0.506306
1798	21	-5	44	4473	8753	0.511025
1799	21	-5	48	4421	8812	0.501702
1800	21	-5	52	4506	8901	0.506235
1801	21	-5	56	4698	8970	0.523746
1802	21	-5	60	4960	9141	0.542610
1803	21	-5	64	5136	9297	0.552436
1804	21	-5	68	5450	9448	0.576842
1805	21	-5	72	5571	9601	0.580252
1806	21	-5	76	5615	9706	0.578508
1807	21	-5	80	5622	9816	0.572738
1808	21	-5	84	5541	9905	0.559414
1809	21	-5	88	5555	9941	0.558797
1810	21	-5	92	5514	9974	0.552837
1811	21	-5	96	5491	9999	0.549155
1812	21	-5	100	5423	9992	0.542734
1813	21	-5	104	5300	9974	0.531382
1814	21	-5	108	5199	9896	0.525364
1815	21	0	-20	4477	9876	0.453321
1816	21	0	-16	4452	9933	0.448203
1817	21	0	-12	4500	9991	0.450405
1818	21	0	-8	4516	10023	0.450564
1819	21	0	-4	4674	10054	0.464890
1820	21	0	0	4846	10078	0.480849
1821	21	0	4	4885	9999	0.488549
1822	21	0	8	5017	9855	0.509082
1823	21	0	12	5075	9751	0.520459
1824	21	0	16	5080	9624	0.527847
1825	21	0	20	5002	9508	0.526083
1826	21	0	24	4894	9332	0.524432
1827	21	0	28	4764	9236	0.515808
1828	21	0	32	4599	9082	0.506386
1829	21	0	36	4619	9058	0.509936
1830	21	0	40	4598	8934	0.514663
1831	21	0	44	4617	8901	0.518706
1832	21	0	48	4587	8928	0.513777
1833	21	0	52	4651	9047	0.514093
1834	21	0	56	4659	9141	0.509682
1835	21	0	60	4806	9258	0.519119
1836	21	0	64	5096	9413	0.541379
1837	21	0	68	5269	9549	0.551786
1838	21	0	72	5460	9688	0.563584
1839	21	0	76	5682	9810	0.579205
1840	21	0	80	5737	9933	0.577570
1841	21	0	84	5749	10036	0.572838
1842	21	0	88	5808	10140	0.572781
1843	21	0	92	5751	10189	0.564432
1844	21	0	96	5742	10155	0.565436
1845	21	0	100	5704	10121	0.563581
1846	21	0	104	5536	10067	0.549916
1847	21	0	108	5399	9982	0.540874
1848	21	5	-20	4410	9959	0.442816
1849	21	5	-16	4365	10028	0.435281
1850	21	5	-12	4330	10061	0.430375
1851	21	5	-8	4376	10050	0.435423
1852	21	5	-4	4496	10037	0.447943
1853	21	5	0	4581	10005	0.457871
1854	21	5	4	4635	9975	0.464662
1855	21	5	8	4771	9909	0.481481
1856	21	5	12	4893	9814	0.498573
1857	21	5	16	4788	9673	0.494986
1858	21	5	20	4788	9558	0.500942
1859	21	5	24	4727	9361	0.504967
1860	21	5	28	4659	9235	0.504494
1861	21	5	32	4534	9104	0.498023
1862	21	5	36	4536	9011	0.503385
1863	21	5	40	4586	8900	0.515281
1864	21	5	44	4640	8910	0.520763
1865	21	5	48	4673	8931	0.523234
1866	21	5	52	4676	9037	0.517428
1867	21	5	56	4701	9102	0.516480
1868	21	5	60	4721	9207	0.512762
1869	21	5	64	4721	9361	0.504326
1870	21	5	68	4927	9468	0.520384
1871	21	5	72	5154	9593	0.537267
1872	21	5	76	5322	9705	0.548377
1873	21	5	80	5492	9784	0.561325
1874	21	5	84	5605	9869	0.567940
1875	21	5	88	5651	9898	0.570923
1876	21	5	92	5706	9940	0.574044
1877	21	5	96	5765	10003	0.576327
1878	21	5	100	5710	9996	0.571228
1879	21	5	104	5709	9934	0.574693
1880	21	5	108	5554	9859	0.563343
1881	24	-5	-20	4571	9177	0.498093
1882	24	-5	-16	4590	9219	0.497885
1883	24	-5	-12	4557	9260	0.492117
1884	24	-5	-8	4534	9248	0.490268
1885	24	-5	-4	4489	9228	0.486454
1886	24	-5	0	4548	9194	0.494670
1887	24	-5	4	4666	9167	0.509000
1888	24	-5	8	4809	9126	0.526956
1889	24	-5	12	4898	9066	0.540260
1890	24	-5	16	4783	8950	0.534413
1891	24	-5	20	4698	8894	0.528221
1892	24	-5	24	4505	8773	0.513507
1893	24	-5	28	4398	8684	0.506449
1894	24	-5	32	4310	8569	0.502976
1895	24	-5	36	4379	8541	0.512703
1896	24	-5	40	4355	8450	0.515385
1897	24	-5	44	4305	8416	0.511526
1898	24	-5	48	4373	8442	0.518005
1899	24	-5	52	4364	8529	0.511666
1900	24	-5	56	4441	8663	0.512640
1901	24	-5	60	4654	8752	0.531764
1902	24	-5	64	4878	8918	0.546984
1903	24	-5	68	5130	9031	0.568043
1904	24	-5	72	5240	9173	0.571242
1905	24	-5	76	5301	9278	0.571352
1906	24	-5	80	5325	9356	0.569153
1907	24	-5	84	5243	9443	0.555226
1908	24	-5	88	5227	9488	0.550906
1909	24	-5	92	5228	9533	0.548411
1910	24	-5	96	5172	9565	0.540721
1911	24	-5	100	5097	9572	0.532491
1912	24	-5	104	4998	9555	0.523077
1913	24	-5	108	4851	9523	0.509398
1914	24	0	-20	4441	9451	0.469897
1915	24	0	-16	4509	9511	0.474083
1916	24	0	-12	4488	9540	0.470440
1917	24	0	-8	4531	9571	0.473409
1918	24	0	-4	4561	9596	0.475302
1919	24	0	0	4593	9622	0.477344
1920	24	0	4	4681	9535	0.490928
1921	24	0	8	4793	9430	0.508271
1922	24	0	12	4853	9312	0.521155
1923	24	0	16	4840	9218	0.525060
1924	24	0	20	4766	9104	0.523506
1925	24	0	24	4603	8932	0.515338
1926	24	0	28	4508	8828	0.510648
1927	24	0	32	4403	8732	0.504237
1928	24	0	36	4425	8629	0.512806
1929	24	0	40	4488	8593	0.522286
1930	24	0	44	4542	8569	0.530050
1931	24	0	48	4512	8564	0.526857
1932	24	0	52	4473	8657	0.516692
1933	24	0	56	4453	8706	0.511486
1934	24	0	60	4551	8884	0.512269
1935	24	0	64	4778	8980	0.532071
1936	24	0	68	4987	9105	0.547721
1937	24	0	72	5211	9269	0.562197
1938	24	0	76	5374	9354	0.574514
1939	24	0	80	5474	9484	0.577183
1940	24	0	84	5491	9565	0.574072
1941	24	0	88	5616	9690	0.579567
1942	24	0	92	5541	9723	0.569886
1943	24	0	96	5552	9704	0.572135
1944	24	0	100	5430	9694	0.560140
1945	24	0	104	5275	9628	0.547881
1946	24	0	108	5174	9570	0.540648
1947	24	5	-20	4357	9567	0.455420
1948	24	5	-16	4335	9570	0.452978
1949	24	5	-12	4330	9608	0.450666
1950	24	5	-8	4409	9609	0.458841
1951	24	5	-4	4357	9594	0.454138
1952	24	5	0	4360	9567	0.455733
1953	24	5	4	4351	9525	0.456798
1954	24	5	8	4418	9484	0.465837
1955	24	5	12	4401	9380	0.469190
1956	24	5	16	4401	9260	0.475270
1957	24	5	20	4516	9140	0.494092
1958	24	5	24	4497	8983	0.500612
1959	24	5	28	4319	8838	0.488685
1960	24	5	32	4287	8741	0.490447
1961	24	5	36	4371	8663	0.504560
1962	24	5	40	4336	8564	0.506305
1963	24	5	44	4483	8558	0.523837
1964	24	5	48	4489	8551	0.524968
1965	24	5	52	4506	8653	0.520744
1966	24	5	56	4491	8719	0.515082
1967	24	5	60	4481	8838	0.507015
1968	24	5	64	4447	8908	0.499214
1969	24	5	68	4638	9043	0.512883
1970	24	5	72	4894	9160	0.534279
1971	24	5	76	5066	9269	0.546553
1972	24	5	80	5227	9341	0.559576
1973	24	5	84	5328	9407	0.566387
1974	24	5	88	5395	9440	0.571504
1975	24	5	92	5482	9480	0.578270
1976	24	5	96	5576	9530	0.585100
1977	24	5	100	5536	9542	0.580172
1978	24	5	104	5432	9506	0.571429
1979	24	5	108	5266	9439	0.557898
1980	27	-5	-20	4576	8750	0.522971
1981	27	-5	-16	4582	8807	0.520268
1982	27	-5	-12	4595	8826	0.520621
1983	27	-5	-8	4562	8821	0.517175
1984	27	-5	-4	4522	8806	0.513514
1985	27	-5	0	4557	8781	0.518961
1986	27	-5	4	4577	8741	0.523624
1987	27	-5	8	4683	8694	0.538647
1988	27	-5	12	4676	8642	0.541078
1989	27	-5	16	4586	8545	0.536688
1990	27	-5	20	4449	8485	0.524337
1991	27	-5	24	4294	8386	0.512044
1992	27	-5	28	4125	8283	0.498008
1993	27	-5	32	4157	8202	0.506828
1994	27	-5	36	4277	8129	0.526141
1995	27	-5	40	4332	8086	0.535741
1996	27	-5	44	4297	8080	0.531807
1997	27	-5	48	4243	8095	0.524151
1998	27	-5	52	4179	8146	0.513013
1999	27	-5	56	4207	8250	0.509939
2000	27	-5	60	4359	8337	0.522850
2001	27	-5	64	4612	8484	0.543612
2002	27	-5	68	4813	8577	0.561152
2003	27	-5	72	4914	8709	0.564244
2004	27	-5	76	5036	8845	0.569361
2005	27	-5	80	5009	8933	0.560730
2006	27	-5	84	4917	8990	0.546941
2007	27	-5	88	4876	9054	0.538546
2008	27	-5	92	4847	9101	0.532579
2009	27	-5	96	4741	9127	0.519448
2010	27	-5	100	4708	9150	0.514536
2011	27	-5	104	4634	9117	0.508281
2012	27	-5	108	4575	9120	0.501645
2013	27	0	-20	4582	9035	0.507139
2014	27	0	-16	4593	9062	0.506842
2015	27	0	-12	4644	9099	0.510386
2016	27	0	-8	4642	9139	0.507933
2017	27	0	-4	4519	9166	0.493018
2018	27	0	0	4548	9162	0.496398
2019	27	0	4	4522	9077	0.498182
2020	27	0	8	4491	8977	0.500278
2021	27	0	12	4534	8870	0.511161
2022	27	0	16	4548	8777	0.518172
2023	27	0	20	4496	8690	0.517376
2024	27	0	24	4390	8565	0.512551
2025	27	0	28	4218	8447	0.499349
2026	27	0	32	4175	8334	0.500960
2027	27	0	36	4152	8296	0.500482
2028	27	0	40	4194	8209	0.510903
2029	27	0	44	4367	8191	0.533146
2030	27	0	48	4336	8197	0.528974
2031	27	0	52	4292	8259	0.519676
2032	27	0	56	4259	8348	0.510182
2033	27	0	60	4291	8451	0.507751
2034	27	0	64	4393	8562	0.513081
2035	27	0	68	4576	8675	0.527493
2036	27	0	72	4826	8805	0.548098
2037	27	0	76	5013	8920	0.561996
2038	27	0	80	5098	9016	0.565439
2039	27	0	84	5260	9125	0.576438
2040	27	0	88	5281	9229	0.572218
2041	27	0	92	5254	9292	0.565433
2042	27	0	96	5170	9258	0.558436
2043	27	0	100	5009	9244	0.541865
2044	27	0	104	4965	9218	0.538620
2045	27	0	108	4877	9133	0.533998
2046	27	5	-20	4316	9091	0.474755
2047	27	5	-16	4443	9104	0.488027
2048	27	5	-12	4532	9126	0.496603
2049	27	5	-8	4488	9162	0.489849
2050	27	5	-4	4362	9140	0.477243
2051	27	5	0	4306	9123	0.471994
2052	27	5	4	4213	9081	0.463936
2053	27	5	8	4125	9007	0.457977
2054	27	5	12	4154	8908	0.466322
2055	27	5	16	4170	8821	0.472736
2056	27	5	20	4236	8679	0.488075
2057	27	5	24	4191	8546	0.490405
2058	27	5	28	4212	8453	0.498285
2059	27	5	32	4127	8300	0.497229
2060	27	5	36	4048	8247	0.490845
2061	27	5	40	4132	8214	0.503044
2062	27	5	44	4162	8194	0.507933
2063	27	5	48	4265	8211	0.519425
2064	27	5	52	4317	8282	0.521251
2065	27	5	56	4310	8342	0.516663
2066	27	5	60	4326	8418	0.513899
2067	27	5	64	4306	8526	0.505043
2068	27	5	68	4428	8627	0.513272
2069	27	5	72	4593	8740	0.525515
2070	27	5	76	4841	8807	0.549676
2071	27	5	80	4913	8907	0.551589
2072	27	5	84	5051	8964	0.563476
2073	27	5	88	5138	8995	0.571206
2074	27	5	92	5288	9052	0.584180
2075	27	5	96	5321	9094	0.585111
2076	27	5	100	5283	9105	0.580231
2077	27	5	104	5125	9096	0.563434
2078	27	5	108	4933	9037	0.545867
2079	30	-5	-20	4381	8334	0.525678
2080	30	-5	-16	4522	8361	0.540844
2081	30	-5	-12	4581	8416	0.544320
2082	30	-5	-8	4551	8417	0.540691
2083	30	-5	-4	4509	8374	0.538452
2084	30	-5	0	4457	8363	0.532943
2085	30	-5	4	4409	8312	0.530438
2086	30	-5	8	4443	8262	0.537763
2087	30	-5	12	4423	8212	0.538602
2088	30	-5	16	4295	8166	0.525961
2089	30	-5	20	4172	8074	0.516720
2090	30	-5	24	4034	7991	0.504818
2091	30	-5	28	3928	7915	0.496273
2092	30	-5	32	3879	7827	0.495592
2093	30	-5	36	3945	7762	0.508245
2094	30	-5	40	4036	7703	0.523952
2095	30	-5	44	4093	7715	0.530525
2096	30	-5	48	4045	7705	0.524984
2097	30	-5	52	4071	7758	0.524749
2098	30	-5	56	4069	7829	0.519734
2099	30	-5	60	4124	7942	0.519265
2100	30	-5	64	4297	8075	0.532136
2101	30	-5	68	4490	8186	0.548497
2102	30	-5	72	4598	8274	0.555717
2103	30	-5	76	4700	8398	0.559657
2104	30	-5	80	4652	8475	0.548909
2105	30	-5	84	4601	8573	0.536685
2106	30	-5	88	4577	8611	0.531529
2107	30	-5	92	4452	8657	0.514266
2108	30	-5	96	4426	8702	0.508619
2109	30	-5	100	4454	8699	0.512013
2110	30	-5	104	4414	8713	0.506599
2111	30	-5	108	4317	8696	0.496435
2112	30	0	-20	4373	8465	0.516598
2113	30	0	-16	4451	8540	0.521194
2114	30	0	-12	4570	8606	0.531025
2115	30	0	-8	4604	8660	0.531640
2116	30	0	-4	4474	8716	0.513309
2117	30	0	0	4342	8724	0.497707
2118	30	0	4	4310	8634	0.499189
2119	30	0	8	4250	8551	0.497018
2120	30	0	12	4276	8451	0.505976
2121	30	0	16	4257	8313	0.512089
2122	30	0	20	4235	8241	0.513894
2123	30	0	24	4102	8137	0.504117
2124	30	0	28	4033	8028	0.502367
2125	30	0	32	3933	7938	0.495465
2126	30	0	36	3865	7886	0.490109
2127	30	0	40	3923	7839	0.500446
2128	30	0	44	4038	7787	0.518557
2129	30	0	48	4125	7835	0.526484
2130	30	0	52	4097	7889	0.519331
2131	30	0	56	4044	7960	0.508040
2132	30	0	60	4071	8071	0.504398
2133	30	0	64	4181	8171	0.511688
2134	30	0	68	4297	8262	0.520092
2135	30	0	72	4484	8385	0.534764
2136	30	0	76	4631	8470	0.546753
2137	30	0	80	4748	8588	0.552864
2138	30	0	84	4869	8676	0.561203
2139	30	0	88	4902	8776	0.558569
2140	30	0	92	4842	8814	0.549353
2141	30	0	96	4693	8790	0.533902
2142	30	0	100	4585	8785	0.521912
2143	30	0	104	4531	8754	0.517592
2144	30	0	108	4432	8710	0.508840
2145	30	5	-20	4360	8531	0.511077
2146	30	5	-16	4380	8570	0.511085
2147	30	5	-12	4386	8593	0.510415
2148	30	5	-8	4381	8624	0.508001
2149	30	5	-4	4345	8659	0.501790
2150	30	5	0	4156	8638	0.481130
2151	30	5	4	4009	8597	0.466325
2152	30	5	8	3955	8558	0.462141
2153	30	5	12	3975	8494	0.467977
2154	30	5	16	3989	8360	0.477153
2155	30	5	20	4037	8264	0.488504
2156	30	5	24	4094	8168	0.501224
2157	30	5	28	4056	8041	0.504415
2158	30	5	32	4018	7946	0.505663
2159	30	5	36	3986	7907	0.504110
2160	30	5	40	3880	7845	0.494583
2161	30	5	44	3884	7789	0.498652
2162	30	5	48	3973	7800	0.509359
2163	30	5	52	4117	7872	0.522993
2164	30	5	56	4122	7921	0.520389
2165	30	5	60	4147	7999	0.518440
2166	30	5	64	4103	8134	0.504426
2167	30	5	68	4221	8198	0.514882
2168	30	5	72	4384	8295	0.528511
2169	30	5	76	4557	8374	0.544184
2170	30	5	80	4650	8452	0.550166
2171	30	5	84	4697	8511	0.551874
2172	30	5	88	4853	8572	0.566146
2173	30	5	92	4933	8629	0.571677
2174	30	5	96	4925	8647	0.569562
2175	30	5	100	4842	8641	0.560352
2176	30	5	104	4659	8640	0.539236
2177	30	5	108	4520	8589	0.526255
2178	33	-5	-20	4126	7946	0.519255
2179	33	-5	-16	4148	7971	0.520386
2180	33	-5	-12	4166	7986	0.521663
2181	33	-5	-8	4091	7988	0.512143
2182	33	-5	-4	4013	7953	0.504589
2183	33	-5	0	3981	7958	0.500251
2184	33	-5	4	3981	7882	0.505075
2185	33	-5	8	3984	7864	0.506612
2186	33	-5	12	4010	7801	0.514037
2187	33	-5	16	3981	7746	0.513943
2188	33	-5	20	3889	7671	0.506974
2189	33	-5	24	3808	7580	0.502375
2190	33	-5	28	3712	7495	0.495264
2191	33	-5	32	3643	7435	0.489980
2192	33	-5	36	3554	7391	0.480855
2193	33	-5	40	3720	7340	0.506812
2194	33	-5	44	3771	7295	0.516929
2195	33	-5	48	3794	7333	0.517387
2196	33	-5	52	3787	7348	0.515378
2197	33	-5	56	3815	7453	0.511874
2198	33	-5	60	3834	7539	0.508556
2199	33	-5	64	3961	7621	0.519748
2200	33	-5	68	4103	7734	0.530515
2201	33	-5	72	4158	7843	0.530154
2202	33	-5	76	4306	7975	0.539937
2203	33	-5	80	4319	8034	0.537590
2204	33	-5	84	4273	8100	0.527531
2205	33	-5	88	4238	8174	0.518473
2206	33	-5	92	4093	8230	0.497327
2207	33	-5	96	4075	8258	0.493461
2208	33	-5	100	4107	8286	0.495655
2209	33	-5	104	4137	8290	0.499035
2210	33	-5	108	4066	8293	0.490293
2211	33	0	-20	4127	7942	0.519642
2212	33	0	-16	4100	7984	0.513527
2213	33	0	-12	4138	8045	0.514357
2214	33	0	-8	4084	8096	0.504447
2215	33	0	-4	3986	8148	0.489200
2216	33	0	0	3886	8176	0.475294
2217	33	0	4	3810	8117	0.469385
2218	33	0	8	3861	8043	0.480045
2219	33	0	12	3854	7984	0.482715
2220	33	0	16	3958	7897	0.501203
2221	33	0	20	3972	7815	0.508253
2222	33	0	24	3920	7719	0.507838
2223	33	0	28	3820	7610	0.501971
2224	33	0	32	3780	7563	0.499802
2225	33	0	36	3735	7520	0.496676
2226	33	0	40	3641	7419	0.490767
2227	33	0	44	3719	7429	0.500606
2228	33	0	48	3839	7428	0.516828
2229	33	0	52	3890	7510	0.517976
2230	33	0	56	3811	7545	0.505103
2231	33	0	60	3835	7641	0.501898
2232	33	0	64	3849	7745	0.496966
2233	33	0	68	3963	7850	0.504841
2234	33	0	72	4123	7941	0.519204
2235	33	0	76	4178	8028	0.520429
2236	33	0	80	4384	8126	0.539503
2237	33	0	84	4483	8230	0.544714
2238	33	0	88	4489	8306	0.540453
2239	33	0	92	4427	8326	0.531708
2240	33	0	96	4250	8302	0.511925
2241	33	0	100	4125	8267	0.498972
2242	33	0	104	4046	8250	0.490424
2243	33	0	108	3958	8211	0.482036
2244	33	5	-20	4079	7976	0.511409
2245	33	5	-16	4010	7996	0.501501
2246	33	5	-12	4028	8046	0.500621
2247	33	5	-8	3970	8084	0.491094
2248	33	5	-4	3859	8062	0.478665
2249	33	5	0	3751	8070	0.464808
2250	33	5	4	3621	8047	0.449981
2251	33	5	8	3576	8024	0.445663
2252	33	5	12	3666	7957	0.460726
2253	33	5	16	3759	7893	0.476245
2254	33	5	20	3882	7823	0.496229
2255	33	5	24	3885	7735	0.502262
2256	33	5	28	3935	7647	0.514581
2257	33	5	32	3874	7565	0.512095
2258	33	5	36	3846	7513	0.511913
2259	33	5	40	3789	7460	0.507909
2260	33	5	44	3713	7398	0.501892
2261	33	5	48	3752	7458	0.503084
2262	33	5	52	3895	7485	0.520374
2263	33	5	56	3966	7540	0.525995
2264	33	5	60	3971	7663	0.518204
2265	33	5	64	3926	7700	0.509870
2266	33	5	68	3922	7766	0.505022
2267	33	5	72	4057	7886	0.514456
2268	33	5	76	4190	7935	0.528040
2269	33	5	80	4260	8021	0.531106
2270	33	5	84	4346	8085	0.537539
2271	33	5	88	4527	8134	0.556553
2272	33	5	92	4551	8140	0.559091
2273	33	5	96	4458	8161	0.546257
2274	33	5	100	4333	8150	0.531656
2275	33	5	104	4163	8140	0.511425
2276	33	5	108	4075	8109	0.502528
